pack,source_file,chunk_id,domain,topic,chunk_type,risk_level,free_tier_access,standard_tier_access,premium_tier_access,recommended_free_response,restriction_reason,content_preview
Assertiveness,santum_ai_cbt_assertiveness_vector_index_v1_EMBED_READY.json,cbt_assertiveness_m01_cbt_exercise_011,cbt_assertiveness,physical_tension,cbt_exercise,low,deny,allow,allow,upgrade_prompt,explicit_cbt_exercise,Module 5 in these assertiveness modules is called “Reducing physical tension” and will introduce some exercises to lower the physical tension in your body. If you tend to worry a l
Assertiveness,santum_ai_cbt_assertiveness_vector_index_v1_EMBED_READY.json,cbt_assertiveness_m01_cbt_exercise_014,cbt_assertiveness,saying_no,cbt_exercise,low,deny,allow,allow,upgrade_prompt,explicit_cbt_exercise,Rating your assertiveness in different situations Fill in each cell using a scale from 0 to 5. A rating of “0” means you can assert yourself with no problem. A rating of 5 means th
Assertiveness,santum_ai_cbt_assertiveness_vector_index_v1_EMBED_READY.json,cbt_assertiveness_m02_cbt_exercise_011,cbt_assertiveness,passive_aggressive_assertive,cbt_exercise,low,deny,allow,allow,upgrade_prompt,explicit_cbt_exercise,"Module summary • There are differences in the verbal and nonverbal characteristics of aggressive, assertive and passive communication. Each style has its own benefits and costs. Co"
Assertiveness,santum_ai_cbt_assertiveness_vector_index_v1_EMBED_READY.json,cbt_assertiveness_m03_cbt_exercise_012,cbt_assertiveness,passive_aggressive_assertive,cbt_exercise,low,deny,allow,allow,upgrade_prompt,explicit_cbt_exercise,If you continue to practice this way of thinking you can find that you begin thinking and behaving in a more assertive manner. Thought Diary: Part 1 Understanding your reaction. Si
Assertiveness,santum_ai_cbt_assertiveness_vector_index_v1_EMBED_READY.json,cbt_assertiveness_m03_cbt_exercise_017,cbt_assertiveness,unhelpful_beliefs,cbt_exercise,low,deny,allow,allow,upgrade_prompt,explicit_cbt_exercise,This is especially true when we write then down and practise our new thoughts over and over again. Sometimes however it is hard for us to shift our beliefs when all we are doing is
Assertiveness,santum_ai_cbt_assertiveness_vector_index_v1_EMBED_READY.json,cbt_assertiveness_m03_cbt_exercise_025,cbt_assertiveness,rights_beliefs,cbt_exercise,low,deny,allow,allow,upgrade_prompt,explicit_cbt_exercise,Module summary • Our thinking can sometimes stop us from behaving assertively. • Being assertive involves a number of rights but also a number of responsibilities. We have a respon
Assertiveness,santum_ai_cbt_assertiveness_vector_index_v1_EMBED_READY.json,cbt_assertiveness_m04_cbt_exercise_011,cbt_assertiveness,relaxation,cbt_exercise,low,deny,allow,allow,upgrade_prompt,explicit_cbt_exercise,"Describe your feelings ...I feel annoyed about this,... State how you would prefer the behaviour to ... so in future I'd like to receive it by be in the future. Friday lunch time E"
Assertiveness,santum_ai_cbt_assertiveness_vector_index_v1_EMBED_READY.json,cbt_assertiveness_m04_cbt_exercise_012,cbt_assertiveness,saying_no,cbt_exercise,low,deny,allow,allow,upgrade_prompt,explicit_cbt_exercise,It is a good skill to use when you are dealing with clever articulate people as all you have to do is stick to your prepared lines. It helps keep you relaxed because you know what 
Assertiveness,santum_ai_cbt_assertiveness_vector_index_v1_EMBED_READY.json,cbt_assertiveness_m04_cbt_exercise_013,cbt_assertiveness,clear_requests,cbt_exercise,low,deny,allow,allow,upgrade_prompt,explicit_cbt_exercise,If you are not prepared to do that I will take the matter up with your Head Office. I would prefer to resolve it now.” The one situation in which this technique can be a disadvanta
Assertiveness,santum_ai_cbt_assertiveness_vector_index_v1_EMBED_READY.json,cbt_assertiveness_m04_cbt_exercise_014,cbt_assertiveness,compliments,cbt_exercise,low,deny,allow,allow,upgrade_prompt,explicit_cbt_exercise,It can be helpful to keep a little log book or diary of the ways you have been able to use these assertive techniques. Then you can see how often you are using assertiveness and wh
Assertiveness,santum_ai_cbt_assertiveness_vector_index_v1_EMBED_READY.json,cbt_assertiveness_m04_cbt_exercise_015,cbt_assertiveness,physical_tension,cbt_exercise,low,deny,allow,allow,upgrade_prompt,explicit_cbt_exercise,I told me another 5 need to keep calmer. minutes later Centrelinical for C Interventions • • ---------------------------------------------------------------------------------------
Assertiveness,santum_ai_cbt_assertiveness_vector_index_v1_EMBED_READY.json,cbt_assertiveness_m05_cbt_exercise_003,cbt_assertiveness,physical_tension,cbt_exercise,low,deny,allow,allow,upgrade_prompt,explicit_cbt_exercise,You may want to repeat this exercise when you are in a more stressful situation to see if you are tense in the same areas or different ones. Centrelinical for C Interventions • • -
Assertiveness,santum_ai_cbt_assertiveness_vector_index_v1_EMBED_READY.json,cbt_assertiveness_m05_cbt_exercise_004,cbt_assertiveness,physical_tension,cbt_exercise,low,deny,allow,allow,upgrade_prompt,explicit_cbt_exercise,Some of these are listed below: • Exercise • Meditation • Massage • Guided Visualisation • Progressive Muscle Relaxation • Slow breathing • Yoga • Tai chi See if you can think of s
Assertiveness,santum_ai_cbt_assertiveness_vector_index_v1_EMBED_READY.json,cbt_assertiveness_m05_cbt_exercise_006,cbt_assertiveness,physical_tension,cbt_exercise,low,deny,allow,allow,upgrade_prompt,explicit_cbt_exercise,As we move through each body part you can use the same pattern of tensing and relaxing. When tensing a body part hold the tension for about 10 seconds. Then let the tension go and 
Assertiveness,santum_ai_cbt_assertiveness_vector_index_v1_EMBED_READY.json,cbt_assertiveness_m05_cbt_exercise_007,cbt_assertiveness,physical_tension,cbt_exercise,low,deny,allow,allow,upgrade_prompt,explicit_cbt_exercise,To work through the whole exercise should take about 15 to 20 minutes. Put both your feet flat on the floor and rest your hands gently on your legs. Allow your eyes to gently close
Assertiveness,santum_ai_cbt_assertiveness_vector_index_v1_EMBED_READY.json,cbt_assertiveness_m05_cbt_exercise_008,cbt_assertiveness,relaxation,cbt_exercise,low,deny,allow,allow,upgrade_prompt,explicit_cbt_exercise,Centrelinical for C Interventions • • --------------------------------------------------------------------------------------------------------------ASSERT YOURSELF! Now bend your e
Assertiveness,santum_ai_cbt_assertiveness_vector_index_v1_EMBED_READY.json,cbt_assertiveness_m05_cbt_exercise_009,cbt_assertiveness,physical_tension,cbt_exercise,low,deny,allow,allow,upgrade_prompt,explicit_cbt_exercise,"This exercise should not cause any pain. If you feel pain you are stretching the muscles too tightly, and you need to be a little gentler. Now move your attention to your head. Wri"
Assertiveness,santum_ai_cbt_assertiveness_vector_index_v1_EMBED_READY.json,cbt_assertiveness_m05_cbt_exercise_011,cbt_assertiveness,relaxation,cbt_exercise,low,deny,allow,allow,upgrade_prompt,explicit_cbt_exercise,Tense your calves by lifting your toes towards your shin. Tense your feet by curling your toes into the floor. When you have finished it is a good idea to stay sitting for a few mi
Assertiveness,santum_ai_cbt_assertiveness_vector_index_v1_EMBED_READY.json,cbt_assertiveness_m05_cbt_exercise_012,cbt_assertiveness,physical_tension,cbt_exercise,low,deny,allow,allow,upgrade_prompt,explicit_cbt_exercise,"Lips closed, jaw relaxed, breathe slow and low down in your stomach 3. Breathe in for 2 seconds and out for 3 seconds. Be aware of your breathing for the whole exercise and keep it"
Assertiveness,santum_ai_cbt_assertiveness_vector_index_v1_EMBED_READY.json,cbt_assertiveness_m05_cbt_exercise_013,cbt_assertiveness,physical_tension,cbt_exercise,low,deny,allow,allow,upgrade_prompt,explicit_cbt_exercise,"Take two or three breaths to let go of all the tension. Repeat steps ‘3’ to ‘8’ until you feel relaxed. Slow Breathing Technique Sit comfortably with your arms and legs uncrossed, "
Assertiveness,santum_ai_cbt_assertiveness_vector_index_v1_EMBED_READY.json,cbt_assertiveness_m05_cbt_exercise_014,cbt_assertiveness,body_awareness,cbt_exercise,low,deny,allow,allow,upgrade_prompt,explicit_cbt_exercise,"Now that you are paying attention to your breath, you can begin the counting rhythm of breathing in for three seconds and out for three seconds. This will produce a breathing rate "
Assertiveness,santum_ai_cbt_assertiveness_vector_index_v1_EMBED_READY.json,cbt_assertiveness_m05_cbt_exercise_015,cbt_assertiveness,calm_assertiveness,cbt_exercise,low,deny,allow,allow,upgrade_prompt,explicit_cbt_exercise,Please have a look at the module on breathing and breathing physiology in the modules on panic called “Don’t Panic!” on our website.) Visualisation Visualisation uses the power of 
Assertiveness,santum_ai_cbt_assertiveness_vector_index_v1_EMBED_READY.json,cbt_assertiveness_m05_cbt_exercise_018,cbt_assertiveness,physical_tension,cbt_exercise,low,deny,allow,allow,upgrade_prompt,explicit_cbt_exercise,"Hear the waves, the sounds of the birds, other people. Taste the salt in the air. Use self statements to aid your relaxation. Use the present tense and avoid negatives. For example"
Assertiveness,santum_ai_cbt_assertiveness_vector_index_v1_EMBED_READY.json,cbt_assertiveness_m05_cbt_exercise_019,cbt_assertiveness,physical_tension,cbt_exercise,low,deny,allow,allow,upgrade_prompt,explicit_cbt_exercise,"In extreme cases it can lead to pain and stress related illness. • There are a number of ways to reduce physical tension. These include meditation, exercise, tai chi, massage, visu"
Assertiveness,santum_ai_cbt_assertiveness_vector_index_v1_EMBED_READY.json,cbt_assertiveness_m05_cbt_exercise_021,cbt_assertiveness,saying_no,cbt_exercise,low,deny,allow,allow,upgrade_prompt,explicit_cbt_exercise,"Back, R & Back, K. (1986). Assertiveness at Work – A Practical guide to Handling Awkward Situations. Davis, M., Eshelman, E.R. & McKay, M. (2000). The Relaxation and Stress Reducti"
Assertiveness,santum_ai_cbt_assertiveness_vector_index_v1_EMBED_READY.json,cbt_assertiveness_m06_cbt_exercise_002,cbt_assertiveness,guilt_and_obligation,cbt_exercise,low,deny,allow,allow,upgrade_prompt,explicit_cbt_exercise,Now saying “Yes” to something you don’t really want to do can be appropriate in some situations. For example in a work situation if your boss asks you to do something and you don’t
Assertiveness,santum_ai_cbt_assertiveness_vector_index_v1_EMBED_READY.json,cbt_assertiveness_m06_cbt_exercise_012,cbt_assertiveness,dealing_with_criticism,cbt_exercise,low,deny,allow,allow,upgrade_prompt,explicit_cbt_exercise,"These include the direct no, the enquiring no, the raincheck no, the reasoned no, and the broken record no. Coming up: The next module talks about how to deal with criticism assert"
Assertiveness,santum_ai_cbt_assertiveness_vector_index_v1_EMBED_READY.json,cbt_assertiveness_m07_cbt_exercise_012,cbt_assertiveness,dealing_with_criticism,cbt_exercise,low,deny,allow,allow,upgrade_prompt,explicit_cbt_exercise,"If someone criticises you but you are not sure if the criticism is valid or constructive you ask for more details. For example: Criticism: “You’ll find that difficult won’t you, be"
Assertiveness,santum_ai_cbt_assertiveness_vector_index_v1_EMBED_READY.json,cbt_assertiveness_m07_cbt_exercise_017,cbt_assertiveness,dealing_with_criticism,cbt_exercise,low,deny,allow,allow,upgrade_prompt,explicit_cbt_exercise,It is important when you are being criticized to separate the suggestions in the criticism from the way that they are being spoken to you. Often when people are giving criticism th
Assertiveness,santum_ai_cbt_assertiveness_vector_index_v1_EMBED_READY.json,cbt_assertiveness_m07_cbt_exercise_024,cbt_assertiveness,saying_no,cbt_exercise,low,deny,allow,allow,upgrade_prompt,explicit_cbt_exercise,"Back, R & Back, K. (1986). Assertiveness at Work – A Practical guide to Handling Awkward Situations. Davis, M., Eshelman, E.R. & McKay, M. (2000). The Relaxation and Stress Reducti"
Assertiveness,santum_ai_cbt_assertiveness_vector_index_v1_EMBED_READY.json,cbt_assertiveness_m08_cbt_exercise_006,cbt_assertiveness,compliments,cbt_exercise,low,deny,allow,allow,upgrade_prompt,explicit_cbt_exercise,Module summary • We are all disappointed at some time in our lives • As with other unassertive behaviour how we think about being criticised can lead us to respond in a passive or 
Assertiveness,santum_ai_cbt_assertiveness_vector_index_v1_EMBED_READY.json,cbt_assertiveness_m09_cbt_exercise_007,cbt_assertiveness,compliments,cbt_exercise,low,deny,allow,allow,upgrade_prompt,explicit_cbt_exercise,If that were the case I would already be complimenting myself! • People give compliments for a variety of reasons. Don’t waste a lot of time wondering why someone gave you a compli
Assertiveness,santum_ai_cbt_assertiveness_vector_index_v1_EMBED_READY.json,cbt_assertiveness_m09_cbt_exercise_008,cbt_assertiveness,compliments,cbt_exercise,low,deny,allow,allow,upgrade_prompt,explicit_cbt_exercise,A compliment is intended to make you feel good. If you frown or look down or away the other person may be confused or uncomfortable. Centrelinical for C Interventions • • ---------
Assertiveness,santum_ai_cbt_assertiveness_vector_index_v1_EMBED_READY.json,cbt_assertiveness_m09_cbt_exercise_011,cbt_assertiveness,compliments,cbt_exercise,low,deny,allow,allow,upgrade_prompt,explicit_cbt_exercise,"Commenting on a colleague's new hair colour is fine, but mentioning it to your boss could be stepping out of bounds. • Ask a question with your compliment. If you want to use the c"
Assertiveness,santum_ai_cbt_assertiveness_vector_index_v1_EMBED_READY.json,cbt_assertiveness_m09_cbt_exercise_012,cbt_assertiveness,compliments,cbt_exercise,low,deny,allow,allow,upgrade_prompt,explicit_cbt_exercise,Module summary • It is an important assertiveness and social skill to be able to receive and give compliments. • As with the other assertiveness skills there can be some unhelpful 
Assertiveness,santum_ai_cbt_assertiveness_vector_index_v1_EMBED_READY.json,cbt_assertiveness_m10_cbt_exercise_003,cbt_assertiveness,nonverbal_assertiveness,cbt_exercise,low,deny,allow,allow,upgrade_prompt,explicit_cbt_exercise,Identify any unhelpful behaviour you have been using when you have tried to do the task before. Remember to look at both verbal and non-verbal behaviour. Come up with a more helpfu
Assertiveness,santum_ai_cbt_assertiveness_vector_index_v1_EMBED_READY.json,cbt_assertiveness_m10_cbt_exercise_004,cbt_assertiveness,dealing_with_criticism,cbt_exercise,low,deny,allow,allow,upgrade_prompt,explicit_cbt_exercise,"This can be at home, at work, with friends or out in public. You will have got some ideas from the exercise “Rating your assertiveness in different situations?” that you completed "
Assertiveness,santum_ai_cbt_assertiveness_vector_index_v1_EMBED_READY.json,cbt_assertiveness_m10_cbt_exercise_009,cbt_assertiveness,maintenance_plan,cbt_exercise,low,deny,allow,allow,upgrade_prompt,explicit_cbt_exercise,"Identify and Change any Unhelpful Behaviour The person who wrote the hierarchy above recognised that when she asked the kids to do their chores she would usually feel guilty, apolo"
Assertiveness,santum_ai_cbt_assertiveness_vector_index_v1_EMBED_READY.json,cbt_assertiveness_m10_cbt_exercise_010,cbt_assertiveness,unhelpful_beliefs,cbt_exercise,low,deny,allow,allow,upgrade_prompt,explicit_cbt_exercise,Centrelinical for C Interventions • • --------------------------------------------------------------------------------------------------------------ASSERT YOURSELF! Now that you ha
Assertiveness,santum_ai_cbt_assertiveness_vector_index_v1_EMBED_READY.json,cbt_assertiveness_m10_cbt_exercise_011,cbt_assertiveness,saying_no,cbt_exercise,low,deny,allow,allow,upgrade_prompt,explicit_cbt_exercise,Rating your assertiveness in different situations Fill in each cell using a scale from 0 to 5. A rating of 0 means you can assert yourself with no problem. A rating of 5 means that
Assertiveness,santum_ai_cbt_assertiveness_vector_index_v1_EMBED_READY.json,cbt_assertiveness_m10_cbt_exercise_013,cbt_assertiveness,saying_no,cbt_exercise,low,deny,allow,allow,upgrade_prompt,explicit_cbt_exercise,"Impact, San Luis Obispo, California. Back, R & Back, K. (1986). Assertiveness at Work – A Practical guide to Handling Awkward Situations. Davis, M., Eshelman, E.R. & McKay, M. (200"
Assertiveness,santum_ai_cbt_assertiveness_vector_index_v1_EMBED_READY.json,cbt_assertiveness_worksheet_001,cbt_assertiveness,assertive_communication_plan,worksheet_instruction,low,deny,allow,allow,upgrade_prompt,explicit_worksheet_instruction,"An assertive communication plan helps the user prepare a clear and respectful message. Record the situation, the main feeling, the need or boundary, and the specific request. Then "
Assertiveness,santum_ai_cbt_assertiveness_vector_index_v1_EMBED_READY.json,cbt_assertiveness_worksheet_002,cbt_assertiveness,saying_no_script,worksheet_instruction,low,deny,allow,allow,upgrade_prompt,explicit_worksheet_instruction,"A saying-no script helps the user set limits without excessive explanation. Write the request being made, the reason it is difficult to say no, and the boundary the user wants to p"
Assertiveness,santum_ai_cbt_assertiveness_vector_index_v1_EMBED_READY.json,cbt_assertiveness_worksheet_003,cbt_assertiveness,criticism_response_record,worksheet_instruction,low,deny,allow,allow,upgrade_prompt,explicit_worksheet_instruction,"A criticism response record helps the user respond to feedback without collapsing, attacking, or becoming defensive. Record what was said, what part may be useful, what part may be"
Assertiveness,santum_ai_cbt_assertiveness_vector_index_v1_EMBED_READY.json,cbt_assertiveness_worksheet_004,cbt_assertiveness,assertive_belief_challenge,worksheet_instruction,low,deny,allow,allow,upgrade_prompt,explicit_worksheet_instruction,"An assertive belief challenge identifies thoughts that block speaking up, such as 'I must please everyone' or 'People will reject me if I disagree.' Write the belief, the fear behi"
Assertiveness,santum_ai_cbt_assertiveness_vector_index_v1_EMBED_READY.json,cbt_assertiveness_worksheet_005,cbt_assertiveness,practice_and_maintenance_plan,worksheet_instruction,low,deny,allow,allow,upgrade_prompt,explicit_worksheet_instruction,"A practice and maintenance plan helps assertiveness become a skill rather than a one-time conversation. List three low-risk situations for practice, one medium-difficulty situation"
Bipolar Support / Keeping Your Balance,santum_ai_cbt_bipolar_support_vector_index_v1_EMBED_READY.json,cbt_bipolar_m01_cbt_exercise_004,cbt_bipolar_support,early_warning_signs,cbt_exercise,medium,deny,allow,allow,upgrade_prompt,explicit_cbt_exercise,"Because of this rapid thought process, they become easily angered when people don’t seem to comprehend their ideas or enthusiasm for some new scheme. Decreased need for sleep One o"
Bipolar Support / Keeping Your Balance,santum_ai_cbt_bipolar_support_vector_index_v1_EMBED_READY.json,cbt_bipolar_m01_cbt_exercise_014,cbt_bipolar_support,routine_support,cbt_exercise,medium,deny,allow,allow,upgrade_prompt,explicit_cbt_exercise,The occurrence of bipolar disorder can thus be explained as an interaction of the 3 above factors. A person who is genetically and/or biologically vulnerable may not necessarily de
Bipolar Support / Keeping Your Balance,santum_ai_cbt_bipolar_support_vector_index_v1_EMBED_READY.json,cbt_bipolar_m01_cbt_exercise_021,cbt_bipolar_support,treatment_options,cbt_exercise,medium,deny,allow,allow,upgrade_prompt,explicit_cbt_exercise,"New York: The Guildford Press Bauer, M.S. & McBride, L. (2003) Structured Group Psychotherapy for Bipolar Disorder: The Life Goals Program (Second Edition). New York: Springer Publ"
Bipolar Support / Keeping Your Balance,santum_ai_cbt_bipolar_support_vector_index_v1_EMBED_READY.json,cbt_bipolar_m02_cbt_exercise_002,cbt_bipolar_support,medication_psychoeducation,cbt_exercise,medium,deny,allow,allow,upgrade_prompt,explicit_cbt_exercise,"Some patients may respond well and experience few side effects with one type of medication, while others may do better with another. Thus, when taking medication, it is important t"
Bipolar Support / Keeping Your Balance,santum_ai_cbt_bipolar_support_vector_index_v1_EMBED_READY.json,cbt_bipolar_m02_cbt_exercise_003,cbt_bipolar_support,medication_psychoeducation,cbt_exercise,medium,deny,allow,allow,upgrade_prompt,explicit_cbt_exercise,You should report all other medications and substances you are taking to your doctor to ensure that none adversely interact with the medication prescribed for bipolar disorder. Res
Bipolar Support / Keeping Your Balance,santum_ai_cbt_bipolar_support_vector_index_v1_EMBED_READY.json,cbt_bipolar_m02_cbt_exercise_009,cbt_bipolar_support,medication_psychoeducation,cbt_exercise,medium,deny,allow,allow,upgrade_prompt,explicit_cbt_exercise,"These can be used in combination with mood stabilisers to assist in controlling psychotic symptoms such as hallucinations, or delusions, to induce sleep, or decrease irritability o"
Bipolar Support / Keeping Your Balance,santum_ai_cbt_bipolar_support_vector_index_v1_EMBED_READY.json,cbt_bipolar_m02_cbt_exercise_011,cbt_bipolar_support,medication_psychoeducation,cbt_exercise,medium,deny,allow,allow,upgrade_prompt,explicit_cbt_exercise,"It is particularly important to take into account the following factors … • To help your doctor choose the most suitable medications for you, they should be made aware of any other"
Bipolar Support / Keeping Your Balance,santum_ai_cbt_bipolar_support_vector_index_v1_EMBED_READY.json,cbt_bipolar_m02_cbt_exercise_014,cbt_bipolar_support,medication_psychoeducation,cbt_exercise,medium,deny,allow,allow,upgrade_prompt,explicit_cbt_exercise,"Although effective medications have been found for bipolar disorder, many patients still experience episode recurrences and relapse. Some experience between-episode symptoms that m"
Bipolar Support / Keeping Your Balance,santum_ai_cbt_bipolar_support_vector_index_v1_EMBED_READY.json,cbt_bipolar_m02_cbt_exercise_016,cbt_bipolar_support,treatment_options,cbt_exercise,medium,deny,allow,allow,upgrade_prompt,explicit_cbt_exercise,CBT can play a role in teaching bipolar patients about their disorder and helping them deal with adjustment difficulties. CBT can also help patients cope with everyday stressors th
Bipolar Support / Keeping Your Balance,santum_ai_cbt_bipolar_support_vector_index_v1_EMBED_READY.json,cbt_bipolar_m02_cbt_exercise_020,cbt_bipolar_support,medication_psychoeducation,cbt_exercise,medium,deny,allow,allow,upgrade_prompt,explicit_cbt_exercise,Treatment Options for Bipolar Disorder • Psychotherapy • Research • Training Treatment Options for Bipolar Disorder About The Modules Contributors Laura Smith (MPsych1) Dr Louella 
Bipolar Support / Keeping Your Balance,santum_ai_cbt_bipolar_support_vector_index_v1_EMBED_READY.json,cbt_bipolar_m03_cbt_exercise_003,cbt_bipolar_support,self_monitoring,cbt_exercise,medium,deny,allow,allow,upgrade_prompt,explicit_cbt_exercise,Each person has their own unique set of signs and symptoms although many will be common to other patients. It is not enough to be able to recognise and detect early warning signs a
Bipolar Support / Keeping Your Balance,santum_ai_cbt_bipolar_support_vector_index_v1_EMBED_READY.json,cbt_bipolar_m03_cbt_exercise_007,cbt_bipolar_support,early_warning_signs,cbt_exercise,medium,deny,allow,allow,upgrade_prompt,explicit_cbt_exercise,Some patients may think that they are not able to predict an episode but researchers have found that many bipolar patients are able to recall early warning symptoms that come befor
Bipolar Support / Keeping Your Balance,santum_ai_cbt_bipolar_support_vector_index_v1_EMBED_READY.json,cbt_bipolar_m03_cbt_exercise_009,cbt_bipolar_support,early_warning_signs,cbt_exercise,medium,deny,allow,allow,upgrade_prompt,explicit_cbt_exercise,Planning Early Interventions The next step is to develop an action plan that details what you will do when you recognise the early warning signs and symptoms of a major depressive 
Bipolar Support / Keeping Your Balance,santum_ai_cbt_bipolar_support_vector_index_v1_EMBED_READY.json,cbt_bipolar_m03_cbt_exercise_016,cbt_bipolar_support,self_monitoring,cbt_exercise,medium,deny,allow,allow,upgrade_prompt,explicit_cbt_exercise,"Is there anything or any event that might have triggered a mood episode? Once you become more aware of the things that affect you and your moods, you can take steps to be better pr"
Bipolar Support / Keeping Your Balance,santum_ai_cbt_bipolar_support_vector_index_v1_EMBED_READY.json,cbt_bipolar_m03_cbt_exercise_018,cbt_bipolar_support,early_warning_signs,cbt_exercise,medium,deny,allow,allow,upgrade_prompt,explicit_cbt_exercise,"or mixed episode that interfere with most of your day-to-day activities • Bipolar patients commonly report increased activity, decreased need for sleep, and elevated mood as early "
Bipolar Support / Keeping Your Balance,santum_ai_cbt_bipolar_support_vector_index_v1_EMBED_READY.json,cbt_bipolar_m04_cbt_exercise_010,cbt_bipolar_support,treatment_options,cbt_exercise,medium,deny,allow,allow,upgrade_prompt,explicit_cbt_exercise,"Taking a sauna, spa or a steam bath 63. Having a video call with someone who lives far 64. Doing the dishes away 65. Sitting outside and listening to birds sing 22. Going to a free"
Bipolar Support / Keeping Your Balance,santum_ai_cbt_bipolar_support_vector_index_v1_EMBED_READY.json,cbt_bipolar_m04_cbt_exercise_012,cbt_bipolar_support,behavioural_strategies_depression,cbt_exercise,medium,deny,allow,allow,upgrade_prompt,explicit_cbt_exercise,Working on my car or bicycle 102. Going to the botanic gardens 148. Juggling or learning to juggle 103. Going to a scenic spot and enjoying the view 149. Contacting an old school f
Bipolar Support / Keeping Your Balance,santum_ai_cbt_bipolar_support_vector_index_v1_EMBED_READY.json,cbt_bipolar_m04_cbt_exercise_013,cbt_bipolar_support,support_plan,cbt_exercise,medium,deny,allow,allow,upgrade_prompt,explicit_cbt_exercise,"Getting an indoor plant 117. Putting a vase of fresh flowers in my house 164. Doing embroidery, cross stitching 119. Participating in a protest I support 165. Browsing a hardware s"
Bipolar Support / Keeping Your Balance,santum_ai_cbt_bipolar_support_vector_index_v1_EMBED_READY.json,cbt_bipolar_m04_cbt_exercise_015,cbt_bipolar_support,depression_coping,cbt_exercise,medium,deny,allow,allow,upgrade_prompt,explicit_cbt_exercise,"Sending a handwritten letter mystery) 236. Going hiking, bush walking 191. Pampering myself at home (e.g. putting on a 193. Meeting new people face mask) 194. Doing 5 minutes of ca"
Bipolar Support / Keeping Your Balance,santum_ai_cbt_bipolar_support_vector_index_v1_EMBED_READY.json,cbt_bipolar_m04_cbt_exercise_016,cbt_bipolar_support,behavioural_strategies_depression,cbt_exercise,medium,deny,allow,allow,upgrade_prompt,explicit_cbt_exercise,"Making a playlist of upbeat songs cutlery, jewellery, clothes, souvenir mugs) 207. Doing a DIY project (e.g. making homemade 208. Playing laser tag or paintball soap, making a mosa"
Bipolar Support / Keeping Your Balance,santum_ai_cbt_bipolar_support_vector_index_v1_EMBED_READY.json,cbt_bipolar_m04_cbt_exercise_021,cbt_bipolar_support,activity_scheduling,cbt_exercise,medium,deny,allow,allow,upgrade_prompt,explicit_cbt_exercise,"perpetuate the depression and prevent the depressed person from feeling better • A lack of motivation and energy can result in a person becoming less • active, which can cause furt"
Bipolar Support / Keeping Your Balance,santum_ai_cbt_bipolar_support_vector_index_v1_EMBED_READY.json,cbt_bipolar_m05_cbt_exercise_005,cbt_bipolar_support,thought_challenging,cbt_exercise,medium,deny,allow,allow,upgrade_prompt,explicit_cbt_exercise,"We might be used to talking about thoughts and feelings as being part of the same experience, but it is more helpful to separate them and remember that feelings are not thoughts. F"
Bipolar Support / Keeping Your Balance,santum_ai_cbt_bipolar_support_vector_index_v1_EMBED_READY.json,cbt_bipolar_m05_cbt_exercise_011,cbt_bipolar_support,depression_coping,cbt_exercise,medium,deny,allow,allow,upgrade_prompt,explicit_cbt_exercise,"There are lots of things you can do to help yourself feel better, and this next suggestion has been proven to be pretty effective. If unhelpful thoughts lead to distressing emotion"
Bipolar Support / Keeping Your Balance,santum_ai_cbt_bipolar_support_vector_index_v1_EMBED_READY.json,cbt_bipolar_m05_cbt_exercise_012,cbt_bipolar_support,thought_challenging,cbt_exercise,medium,deny,allow,allow,upgrade_prompt,explicit_cbt_exercise,"The next step is to challenge your thinking by exploring other possible explanations and looking at a situation from different points of view. You might ask yourself, “What other w"
Bipolar Support / Keeping Your Balance,santum_ai_cbt_bipolar_support_vector_index_v1_EMBED_READY.json,cbt_bipolar_m05_cbt_exercise_016,cbt_bipolar_support,thought_challenging,cbt_exercise,medium,deny,allow,allow,upgrade_prompt,explicit_cbt_exercise,These are called unhelpful thoughts because they lead to unpleasant feelings or unhelpful actions • Unhelpful thoughts are those that tend to focus on one aspect of a situation (us
Bipolar Support / Keeping Your Balance,santum_ai_cbt_bipolar_support_vector_index_v1_EMBED_READY.json,cbt_bipolar_m06_cbt_exercise_004,cbt_bipolar_support,sleep_routine,cbt_exercise,medium,deny,allow,allow,upgrade_prompt,explicit_cbt_exercise,"This is often accompanied by beliefs that include overestimating their abilities, an optimism that causes them to view the world as particularly helpful, or an underestimation of t"
Bipolar Support / Keeping Your Balance,santum_ai_cbt_bipolar_support_vector_index_v1_EMBED_READY.json,cbt_bipolar_m06_cbt_exercise_008,cbt_bipolar_support,cognitive_strategies_mania,cbt_exercise,medium,deny,allow,allow,upgrade_prompt,explicit_cbt_exercise,"Organising and scheduling of activities, ideas, or plans with the aim of limiting and containing overly- stimulating activities. In this module, let’s look at how you can learn to "
Bipolar Support / Keeping Your Balance,santum_ai_cbt_bipolar_support_vector_index_v1_EMBED_READY.json,cbt_bipolar_m07_cbt_exercise_002,cbt_bipolar_support,self_monitoring,cbt_exercise,medium,deny,allow,allow,upgrade_prompt,explicit_cbt_exercise,"These changes in activity levels usually begins slowly and builds over time. As such, activity levels can be used as a measure for tracking the progression of the elevation in mood"
Bipolar Support / Keeping Your Balance,santum_ai_cbt_bipolar_support_vector_index_v1_EMBED_READY.json,cbt_bipolar_m07_cbt_exercise_006,cbt_bipolar_support,manic_thoughts,cbt_exercise,medium,deny,allow,allow,upgrade_prompt,explicit_cbt_exercise,People with hypomanic symptoms frequently overestimate how much can be accomplished in a given day. They underestimate the time it takes to complete tasks and underestimate the cos
Bipolar Support / Keeping Your Balance,santum_ai_cbt_bipolar_support_vector_index_v1_EMBED_READY.json,cbt_bipolar_m07_cbt_exercise_007,cbt_bipolar_support,thought_challenging,cbt_exercise,medium,deny,allow,allow,upgrade_prompt,explicit_cbt_exercise,It also helps you keep a record of your creative ideas and to set yourself up to succeed in doing some of these projects (be they small or large) because you will have thought thro
Bipolar Support / Keeping Your Balance,santum_ai_cbt_bipolar_support_vector_index_v1_EMBED_READY.json,cbt_bipolar_m08_cbt_exercise_006,cbt_bipolar_support,support_plan,cbt_exercise,medium,deny,allow,allow,upgrade_prompt,explicit_cbt_exercise,"External resources can also include support services/agencies, financial assets, access to transport, and any other aspects of the environment that may help to overcome identified "
Bipolar Support / Keeping Your Balance,santum_ai_cbt_bipolar_support_vector_index_v1_EMBED_READY.json,cbt_bipolar_m08_cbt_exercise_009,cbt_bipolar_support,sleep_routine,cbt_exercise,medium,deny,allow,allow,upgrade_prompt,explicit_cbt_exercise,It occurs automatically for many of the small decisions that need to be made on a daily basis. For example when making a decision about whether to get up now or sleep in for an ext
Bipolar Support / Keeping Your Balance,santum_ai_cbt_bipolar_support_vector_index_v1_EMBED_READY.json,cbt_bipolar_m08_cbt_exercise_011,cbt_bipolar_support,thought_challenging,cbt_exercise,medium,deny,allow,allow,upgrade_prompt,explicit_cbt_exercise,If you allow yourself to be creative you may come up with some solutions that you would not otherwise have thought about 3. Evaluate alternatives • The next step is to go through a
Bipolar Support / Keeping Your Balance,santum_ai_cbt_bipolar_support_vector_index_v1_EMBED_READY.json,cbt_bipolar_worksheet_001,cbt_bipolar_support,mood_monitoring,worksheet_instruction,medium,deny,allow,allow,upgrade_prompt,explicit_worksheet_instruction,"A mood monitoring worksheet helps the user notice changes before they become harder to manage. Record mood level, sleep, energy, irritability, activity level, stressors, medication"
Bipolar Support / Keeping Your Balance,santum_ai_cbt_bipolar_support_vector_index_v1_EMBED_READY.json,cbt_bipolar_worksheet_002,cbt_bipolar_support,early_warning_signs,worksheet_instruction,medium,deny,allow,allow,upgrade_prompt,explicit_worksheet_instruction,"An early warning signs worksheet helps the user identify personal signs of depression or mania returning. For low mood, signs may include withdrawal, low energy, harsh thoughts, or"
Bipolar Support / Keeping Your Balance,santum_ai_cbt_bipolar_support_vector_index_v1_EMBED_READY.json,cbt_bipolar_worksheet_003,cbt_bipolar_support,sleep_routine_protection,worksheet_instruction,medium,deny,allow,allow,upgrade_prompt,explicit_worksheet_instruction,"A sleep routine protection plan supports mood stability by reducing disruptions that can increase relapse risk. Record a regular wind-down time, a target wake time discussed with t"
Bipolar Support / Keeping Your Balance,santum_ai_cbt_bipolar_support_vector_index_v1_EMBED_READY.json,cbt_bipolar_worksheet_004,cbt_bipolar_support,depression_activity_plan,worksheet_instruction,medium,deny,allow,allow,upgrade_prompt,explicit_worksheet_instruction,"A depression activity plan helps the user choose small activities when energy is low. Record one routine task, one connection step, and one gentle mastery or pleasure activity. Eac"
Bipolar Support / Keeping Your Balance,santum_ai_cbt_bipolar_support_vector_index_v1_EMBED_READY.json,cbt_bipolar_worksheet_005,cbt_bipolar_support,mania_decision_pause,worksheet_instruction,medium,deny,allow,allow,upgrade_prompt,explicit_worksheet_instruction,"A mania decision pause worksheet helps slow down choices when energy, confidence, or impulsivity rises. Record the decision, why it feels urgent, possible risks, what trusted suppo"
Body Acceptance / BDD,santum_ai_cbt_body_acceptance_vector_index_v1_EMBED_READY.json,cbt_body_acceptance_m01_cbt_exercise_022,cbt_body_acceptance,understanding_bdd,cbt_exercise,low,deny,allow,allow,upgrade_prompt,explicit_cbt_exercise,"In some cases, you may become so focussed on your perceived defects and seeking ways to improve your appearance, that you will stop doing things that you used to enjoy or that gave"
Body Acceptance / BDD,santum_ai_cbt_body_acceptance_vector_index_v1_EMBED_READY.json,cbt_body_acceptance_m02_cbt_exercise_009,cbt_body_acceptance,understanding_bdd,cbt_exercise,low,deny,allow,allow,upgrade_prompt,explicit_cbt_exercise,"What Keeps BDD Going? • Psychotherapy • Research • Training Stress from things such as financial, work, or relationship problems doesn’t directly cause BDD, but may worsen your BDD"
Body Acceptance / BDD,santum_ai_cbt_body_acceptance_vector_index_v1_EMBED_READY.json,cbt_body_acceptance_m02_cbt_exercise_017,cbt_body_acceptance,negative_predictions,cbt_exercise,low,deny,allow,allow,upgrade_prompt,explicit_cbt_exercise,"It makes sense that your mind will come up with a range of negative predictions such as “this will end badly”, “once they see me up close and in the daylight they will be disgusted"
Body Acceptance / BDD,santum_ai_cbt_body_acceptance_vector_index_v1_EMBED_READY.json,cbt_body_acceptance_m02_cbt_exercise_021,cbt_body_acceptance,avoidance,cbt_exercise,low,deny,allow,allow,upgrade_prompt,explicit_cbt_exercise,or excessive exercise in an effort to improve the look of a particular area or your overall shape • Only attending social events / going on dates at night or in poorly lit areas to
Body Acceptance / BDD,santum_ai_cbt_body_acceptance_vector_index_v1_EMBED_READY.json,cbt_body_acceptance_m02_cbt_exercise_022,cbt_body_acceptance,mirror_checking,cbt_exercise,low,deny,allow,allow,upgrade_prompt,explicit_cbt_exercise,"Take a moment to consider your use of avoidance & safety behaviours to manage your appearance concerns. Write down the things you might be avoiding because of your appearance, such"
Body Acceptance / BDD,santum_ai_cbt_body_acceptance_vector_index_v1_EMBED_READY.json,cbt_body_acceptance_m02_cbt_exercise_029,cbt_body_acceptance,attention_training,cbt_exercise,low,deny,allow,allow,upgrade_prompt,explicit_cbt_exercise,"As you can see, John is caught in a vicious cycle of focussing on and worrying about the negative impacts of his appearance, and engaging in efforts to control his worry and to cha"
Body Acceptance / BDD,santum_ai_cbt_body_acceptance_vector_index_v1_EMBED_READY.json,cbt_body_acceptance_m03_cbt_exercise_003,cbt_body_acceptance,external_attention,cbt_exercise,low,deny,allow,allow,upgrade_prompt,explicit_cbt_exercise,"Before we start to work on this, let’s stop to think about what you tend to focus on when you are feeling anxious, disgusted or depressed about your appearance. Unanswerable questi"
Body Acceptance / BDD,santum_ai_cbt_body_acceptance_vector_index_v1_EMBED_READY.json,cbt_body_acceptance_m03_cbt_exercise_008,cbt_body_acceptance,understanding_bdd,cbt_exercise,low,deny,allow,allow,upgrade_prompt,explicit_cbt_exercise,"You may also find that you look back on past events and disqualify, distort or discount any positive information. For example: They were only nice to me because they felt sorry for"
Body Acceptance / BDD,santum_ai_cbt_body_acceptance_vector_index_v1_EMBED_READY.json,cbt_body_acceptance_m03_cbt_exercise_010,cbt_body_acceptance,comparison_behaviours,cbt_exercise,low,deny,allow,allow,upgrade_prompt,explicit_cbt_exercise,"What do you think will happen if these thoughts are allowed to keep grabbing your attention all day long? Unfortunately, having your attention fixed on such negative thoughts often"
Body Acceptance / BDD,santum_ai_cbt_body_acceptance_vector_index_v1_EMBED_READY.json,cbt_body_acceptance_m03_cbt_exercise_016,cbt_body_acceptance,attention_training,cbt_exercise,low,deny,allow,allow,upgrade_prompt,explicit_cbt_exercise,"Well, think of your attention like a muscle… if you don’t exercise it regularly, it will become weak and won’t work as well. We need to strengthen it by giving it regular exercise!"
Body Acceptance / BDD,santum_ai_cbt_body_acceptance_vector_index_v1_EMBED_READY.json,cbt_body_acceptance_m03_cbt_exercise_017,cbt_body_acceptance,attention_training,cbt_exercise,low,deny,allow,allow,upgrade_prompt,explicit_cbt_exercise,"Instead, think about each and every “wander” as another opportunity to practice your skills of bringing your attention back to the here and now. Think of it this way, the skill you"
Body Acceptance / BDD,santum_ai_cbt_body_acceptance_vector_index_v1_EMBED_READY.json,cbt_body_acceptance_m03_cbt_exercise_018,cbt_body_acceptance,attention_training,cbt_exercise,low,deny,allow,allow,upgrade_prompt,explicit_cbt_exercise,"With mundane task focussing, the goal is to gradually practice sustaining your attention on a mundane activity for longer and longer periods of time – thus giving your attention a "
Body Acceptance / BDD,santum_ai_cbt_body_acceptance_vector_index_v1_EMBED_READY.json,cbt_body_acceptance_m03_cbt_exercise_020,cbt_body_acceptance,attention_training,cbt_exercise,low,deny,allow,allow,upgrade_prompt,explicit_cbt_exercise,What about the light… the shadows… the contours… the colours? • Hearing: What sounds do you notice? What kinds of noises are associated with the task? • Smell: What smells do you n
Body Acceptance / BDD,santum_ai_cbt_body_acceptance_vector_index_v1_EMBED_READY.json,cbt_body_acceptance_m03_cbt_exercise_024,cbt_body_acceptance,appearance_preoccupation,cbt_exercise,low,deny,allow,allow,upgrade_prompt,explicit_cbt_exercise,"It is important to remember that this is not a quick fix, it is not easy, and requires regular practice. By practicing daily you may eventually become better at letting go of your "
Body Acceptance / BDD,santum_ai_cbt_body_acceptance_vector_index_v1_EMBED_READY.json,cbt_body_acceptance_m03_cbt_exercise_026,cbt_body_acceptance,attention_training,cbt_exercise,low,deny,allow,allow,upgrade_prompt,explicit_cbt_exercise,"If there are any strong feelings around, maybe saying to yourself “whatever it is, it is OK, just let me feel it.” Allowing yourself to breathe with these feelings, and if your min"
Body Acceptance / BDD,santum_ai_cbt_body_acceptance_vector_index_v1_EMBED_READY.json,cbt_body_acceptance_m03_cbt_exercise_029,cbt_body_acceptance,appearance_preoccupation,cbt_exercise,low,deny,allow,allow,upgrade_prompt,explicit_cbt_exercise,"This way you will be training your attention during easier times (i.e., when you are not preoccupied with your appearance), so you can later apply your new attention skills during "
Body Acceptance / BDD,santum_ai_cbt_body_acceptance_vector_index_v1_EMBED_READY.json,cbt_body_acceptance_m03_cbt_exercise_030,cbt_body_acceptance,appearance_preoccupation,cbt_exercise,low,deny,allow,allow,upgrade_prompt,explicit_cbt_exercise,"The changes you will make to your behaviour and thinking through Modules 4 (Reducing Checking & Reassurance Seeking) and 5 (Overcoming Negative Predictions, Avoidance & Safety Beha"
Body Acceptance / BDD,santum_ai_cbt_body_acceptance_vector_index_v1_EMBED_READY.json,cbt_body_acceptance_m03_cbt_exercise_031,cbt_body_acceptance,appearance_preoccupation,cbt_exercise,low,deny,allow,allow,upgrade_prompt,explicit_cbt_exercise,"Postponing Appearance Preoccupation Even though you have started to exercise your attention muscle to ultimately help overcome your preoccupation with your appearance, as just ment"
Body Acceptance / BDD,santum_ai_cbt_body_acceptance_vector_index_v1_EMBED_READY.json,cbt_body_acceptance_m03_cbt_exercise_035,cbt_body_acceptance,appearance_preoccupation,cbt_exercise,low,deny,allow,allow,upgrade_prompt,explicit_cbt_exercise,We recommend that you practice this strategy over the next week by completing the Postponing Appearance Preoccupation Worksheet. We then suggest that you then continue to use postp
Body Acceptance / BDD,santum_ai_cbt_body_acceptance_vector_index_v1_EMBED_READY.json,cbt_body_acceptance_m04_cbt_exercise_003,cbt_body_acceptance,checking_reduction,cbt_exercise,low,deny,allow,allow,upgrade_prompt,explicit_cbt_exercise,"Unfortunately, while these behaviours often give us some short term relief, sooner or later those same doubts and concerns pop back in to our mind, and we feel compelled to start t"
Body Acceptance / BDD,santum_ai_cbt_body_acceptance_vector_index_v1_EMBED_READY.json,cbt_body_acceptance_m04_cbt_exercise_004,cbt_body_acceptance,checking_reduction,cbt_exercise,low,deny,allow,allow,upgrade_prompt,explicit_cbt_exercise,"Mirror gazing, including using mirrors that magnify Checking your appearance in reflective surfaces e.g., shop windows Checking areas of your body visually, by touch, or by mentall"
Body Acceptance / BDD,santum_ai_cbt_body_acceptance_vector_index_v1_EMBED_READY.json,cbt_body_acceptance_m04_cbt_exercise_010,cbt_body_acceptance,mirror_checking,cbt_exercise,low,deny,allow,allow,upgrade_prompt,explicit_cbt_exercise,"You may have noticed that when you use different mirrors, some will be more flattering than others. You may also have found that if your photo was taken several times at a party, t"
Body Acceptance / BDD,santum_ai_cbt_body_acceptance_vector_index_v1_EMBED_READY.json,cbt_body_acceptance_m04_cbt_exercise_012,cbt_body_acceptance,checking_reduction,cbt_exercise,low,deny,allow,allow,upgrade_prompt,explicit_cbt_exercise,"In the last Module, we also discussed how focussing on something intently can amplify the experience, and bring things in to focus that you and others would not normally have notic"
Body Acceptance / BDD,santum_ai_cbt_body_acceptance_vector_index_v1_EMBED_READY.json,cbt_body_acceptance_m04_cbt_exercise_014,cbt_body_acceptance,checking_reduction,cbt_exercise,low,deny,allow,allow,upgrade_prompt,explicit_cbt_exercise,"If you make comparisons, do you make them with everyone you pass on the street, or only with those people whom you consider to look better than you? Do you compare your and their e"
Body Acceptance / BDD,santum_ai_cbt_body_acceptance_vector_index_v1_EMBED_READY.json,cbt_body_acceptance_m04_cbt_exercise_015,cbt_body_acceptance,checking_reduction,cbt_exercise,low,deny,allow,allow,upgrade_prompt,explicit_cbt_exercise,"The worksheet is designed to guide you through the evaluation and planning process step by step, allowing you to see more clearly how helpful your current behaviours are, and to ev"
Body Acceptance / BDD,santum_ai_cbt_body_acceptance_vector_index_v1_EMBED_READY.json,cbt_body_acceptance_m04_cbt_exercise_030,cbt_body_acceptance,mirror_checking,cbt_exercise,low,deny,allow,allow,upgrade_prompt,explicit_cbt_exercise,I can see there are plenty of reasons to try it out and my boss will be pleased if I am on time for work How will I manage any distress I experience? What will I say to myself? I w
Body Acceptance / BDD,santum_ai_cbt_body_acceptance_vector_index_v1_EMBED_READY.json,cbt_body_acceptance_m05_cbt_exercise_002,cbt_body_acceptance,avoidance,cbt_exercise,low,deny,allow,allow,upgrade_prompt,explicit_cbt_exercise,"This Module will discuss a particular type of negative thinking, called ‘negative predictions’, which can significantly impact your confidence to socialise, date, work or study. In"
Body Acceptance / BDD,santum_ai_cbt_body_acceptance_vector_index_v1_EMBED_READY.json,cbt_body_acceptance_m05_cbt_exercise_009,cbt_body_acceptance,avoidance,cbt_exercise,low,deny,allow,allow,upgrade_prompt,explicit_cbt_exercise,"However, in the long term, you are unable to test out whether your predictions are actually true and so go on believing them, feeling anxious, and you are likely to continue to avo"
Body Acceptance / BDD,santum_ai_cbt_body_acceptance_vector_index_v1_EMBED_READY.json,cbt_body_acceptance_m05_cbt_exercise_011,cbt_body_acceptance,negative_predictions,cbt_exercise,low,deny,allow,allow,upgrade_prompt,explicit_cbt_exercise,"A helpful way to think about this is to imagine that you are a detective - collecting evidence for and against a case, considering other possibilities, and trying to work out the m"
Body Acceptance / BDD,santum_ai_cbt_body_acceptance_vector_index_v1_EMBED_READY.json,cbt_body_acceptance_m05_cbt_exercise_022,cbt_body_acceptance,negative_predictions,cbt_exercise,low,deny,allow,allow,upgrade_prompt,explicit_cbt_exercise,On the next few pages are instructions and an example of how to do this. Following that is a blank worksheet for you to practise on. Step 1: Identify Your Negative Predictions From
Body Acceptance / BDD,santum_ai_cbt_body_acceptance_vector_index_v1_EMBED_READY.json,cbt_body_acceptance_m05_cbt_exercise_025,cbt_body_acceptance,avoidance,cbt_exercise,low,deny,allow,allow,upgrade_prompt,explicit_cbt_exercise,"Step 4: Identify Your Helpful Behaviours & Set Up Your Experiment This involves noting what it is you will do differently to test out your negative predictions, and see if they are"
Body Acceptance / BDD,santum_ai_cbt_body_acceptance_vector_index_v1_EMBED_READY.json,cbt_body_acceptance_m05_cbt_exercise_027,cbt_body_acceptance,behavioural_experiments,cbt_exercise,low,deny,allow,allow,upgrade_prompt,explicit_cbt_exercise,Which thoughts did the results support (negative predictions or realistic thoughts)? What was it like to carry the experiment out and act differently? What did you learn from the e
Body Acceptance / BDD,santum_ai_cbt_body_acceptance_vector_index_v1_EMBED_READY.json,cbt_body_acceptance_m05_cbt_exercise_028,cbt_body_acceptance,behavioural_experiments,cbt_exercise,low,deny,allow,allow,upgrade_prompt,explicit_cbt_exercise,Not covering up showed me that I can go out and interact with people I don’t know that well. This shows me that what I predict will happen in situations may not be entirely true. O
Body Acceptance / BDD,santum_ai_cbt_body_acceptance_vector_index_v1_EMBED_READY.json,cbt_body_acceptance_m05_cbt_exercise_033,cbt_body_acceptance,safety_behaviours,cbt_exercise,low,deny,allow,allow,upgrade_prompt,explicit_cbt_exercise,To drop all of these safety behaviours at once might be too overwhelming so instead we recommend that you use a Stepladder to help you identify the gradual steps needed to test out
Body Acceptance / BDD,santum_ai_cbt_body_acceptance_vector_index_v1_EMBED_READY.json,cbt_body_acceptance_m06_cbt_exercise_008,cbt_body_acceptance,appearance_assumptions,cbt_exercise,low,deny,allow,allow,upgrade_prompt,explicit_cbt_exercise,"After all, you will have already tackled those appearance-related thoughts, feelings and behaviours that had been fuelling your appearance assumptions. By doing this you may have c"
Body Acceptance / BDD,santum_ai_cbt_body_acceptance_vector_index_v1_EMBED_READY.json,cbt_body_acceptance_m06_cbt_exercise_010,cbt_body_acceptance,behavioural_experiments,cbt_exercise,low,deny,allow,allow,upgrade_prompt,explicit_cbt_exercise,"Ask yourself “What impact does this assumption have on my life?” Take a moment to record how holding this assumption has affected your thinking, feelings, and behaviours. How has i"
Body Acceptance / BDD,santum_ai_cbt_body_acceptance_vector_index_v1_EMBED_READY.json,cbt_body_acceptance_m06_cbt_exercise_013,cbt_body_acceptance,appearance_assumptions,cbt_exercise,low,deny,allow,allow,upgrade_prompt,explicit_cbt_exercise,Balanced assumptions might end up being lengthier in their wording than your old appearance assumptions. This is because they are more sophisticated and less black-and-white – you 
Body Acceptance / BDD,santum_ai_cbt_body_acceptance_vector_index_v1_EMBED_READY.json,cbt_body_acceptance_m06_cbt_exercise_016,cbt_body_acceptance,appearance_assumptions,cbt_exercise,low,deny,allow,allow,upgrade_prompt,explicit_cbt_exercise,"I haven’t had any boyfriends because I worry about what they will think of me In what ways is this assumption unreasonable, unrealistic or unhelpful? When I say to myself that I ha"
Body Acceptance / BDD,santum_ai_cbt_body_acceptance_vector_index_v1_EMBED_READY.json,cbt_body_acceptance_m06_cbt_exercise_020,cbt_body_acceptance,understanding_bdd,cbt_exercise,low,deny,allow,allow,upgrade_prompt,explicit_cbt_exercise,They are designed to help us function and to keep us safe. • Unhelpful assumptions are those that are inflexible and unreasonable. • Although we may develop appearance-related assu
Body Acceptance / BDD,santum_ai_cbt_body_acceptance_vector_index_v1_EMBED_READY.json,cbt_body_acceptance_m07_cbt_exercise_007,cbt_body_acceptance,appearance_preoccupation,cbt_exercise,low,deny,allow,allow,upgrade_prompt,explicit_cbt_exercise,"How is it unreasonable, unrealistic or unhelpful? What is an alternative assumption? H I hi i i ? Let Go Appearance Re-evaluate Negative Preoccupation Predictions Practice attentio"
Body Acceptance / BDD,santum_ai_cbt_body_acceptance_vector_index_v1_EMBED_READY.json,cbt_body_acceptance_m07_cbt_exercise_009,cbt_body_acceptance,attention_training,cbt_exercise,low,deny,allow,allow,upgrade_prompt,explicit_cbt_exercise,"It will take some time for the skills to feel more natural and to learn all the new rules. You will need to persist and practice to make it easier on yourself. At times, you may co"
Body Acceptance / BDD,santum_ai_cbt_body_acceptance_vector_index_v1_EMBED_READY.json,cbt_body_acceptance_worksheet_001,cbt_body_acceptance,appearance_preoccupation_log,worksheet_instruction,low,deny,allow,allow,upgrade_prompt,explicit_worksheet_instruction,"An appearance preoccupation log helps the user notice when appearance thoughts dominate attention. Record the situation, the appearance concern, the time spent thinking about it, t"
Body Acceptance / BDD,santum_ai_cbt_body_acceptance_vector_index_v1_EMBED_READY.json,cbt_body_acceptance_worksheet_002,cbt_body_acceptance,checking_reassurance_reduction_plan,worksheet_instruction,low,deny,allow,allow,upgrade_prompt,explicit_worksheet_instruction,"A checking and reassurance reduction plan helps the user gradually reduce behaviours that keep doubt active. List checking behaviours, reassurance questions, photo reviewing, mirro"
Body Acceptance / BDD,santum_ai_cbt_body_acceptance_vector_index_v1_EMBED_READY.json,cbt_body_acceptance_worksheet_003,cbt_body_acceptance,appearance_assumption_test,worksheet_instruction,low,deny,allow,allow,upgrade_prompt,explicit_worksheet_instruction,"An appearance assumption test examines beliefs such as 'I must look perfect to be accepted' or 'Everyone notices my flaw.' Write the assumption, the feared prediction, and the evid"
Body Acceptance / BDD,santum_ai_cbt_body_acceptance_vector_index_v1_EMBED_READY.json,cbt_body_acceptance_worksheet_004,cbt_body_acceptance,avoidance_safety_behaviour_experiment,worksheet_instruction,low,deny,allow,allow,upgrade_prompt,explicit_worksheet_instruction,"An avoidance and safety behaviour experiment helps the user test whether feared outcomes occur without hiding, escaping, or overpreparing. Choose a low-risk avoided situation or sa"
Body Acceptance / BDD,santum_ai_cbt_body_acceptance_vector_index_v1_EMBED_READY.json,cbt_body_acceptance_worksheet_005,cbt_body_acceptance,self_management_body_acceptance_plan,worksheet_instruction,low,deny,allow,allow,upgrade_prompt,explicit_worksheet_instruction,"A body acceptance self-management plan helps the user respond early when old patterns return. Record warning signs such as increased checking, comparison, reassurance seeking, avoi"
Body Image / Caring Less About Your Looks,santum_ai_cbt_body_image_vector_index_v1_EMBED_READY.json,cbt_body_image_m01_cbt_exercise_005,cbt_body_image,mirror_checking,cbt_exercise,low,deny,allow,allow,upgrade_prompt,explicit_cbt_exercise,Never Sometimes Often Very Often I feel very dissatisfied with one or more aspects of my appearance. Thinking about my appearance upsets me greatly. I check my appearance in the mi
Body Image / Caring Less About Your Looks,santum_ai_cbt_body_image_vector_index_v1_EMBED_READY.json,cbt_body_image_m01_cbt_exercise_008,cbt_body_image,appearance_overconcern,cbt_exercise,low,deny,allow,allow,upgrade_prompt,explicit_cbt_exercise,"Finally, you may notice that your family and friends become frustrated when you want to talk about your appearance a lot, particularly if they struggle to understand why these conc"
Body Image / Caring Less About Your Looks,santum_ai_cbt_body_image_vector_index_v1_EMBED_READY.json,cbt_body_image_m01_cbt_exercise_011,cbt_body_image,body_image_cycle,cbt_exercise,low,deny,allow,allow,upgrade_prompt,explicit_cbt_exercise,Unhealthy Exercise Do you engage in any potentially harmful behaviours in order to change your body? What do you notice happens to your body when you are using these behaviours? Fi
Body Image / Caring Less About Your Looks,santum_ai_cbt_body_image_vector_index_v1_EMBED_READY.json,cbt_body_image_m02_cbt_exercise_005,cbt_body_image,body_checking,cbt_exercise,low,deny,allow,allow,upgrade_prompt,explicit_cbt_exercise,"Take a moment to reflect on how much you focus on your appearance throughout the day. Have you noticed that you think about your body while chatting to others, doing chores around "
Body Image / Caring Less About Your Looks,santum_ai_cbt_body_image_vector_index_v1_EMBED_READY.json,cbt_body_image_m02_cbt_exercise_007,cbt_body_image,body_checking,cbt_exercise,low,deny,allow,allow,upgrade_prompt,explicit_cbt_exercise,"Here are just a few checking and reassurance-seeking behaviours people may engage in: • Mirror checking, including using mirrors that magnify. • Checking appearance in reflective s"
Body Image / Caring Less About Your Looks,santum_ai_cbt_body_image_vector_index_v1_EMBED_READY.json,cbt_body_image_m02_cbt_exercise_008,cbt_body_image,appearance_altering_behaviours,cbt_exercise,low,deny,allow,allow,upgrade_prompt,explicit_cbt_exercise,"How do they make you feel? Do they influence your behaviour (e.g., what you choose to wear or whether you go out)? Appearance Altering Behaviours Most people are conscious of their"
Body Image / Caring Less About Your Looks,santum_ai_cbt_body_image_vector_index_v1_EMBED_READY.json,cbt_body_image_m02_cbt_exercise_009,cbt_body_image,appearance_assumptions,cbt_exercise,low,deny,allow,allow,upgrade_prompt,explicit_cbt_exercise,"This may lead them to: • Use too many cosmetic products (e.g., make up) • Follow strict facial or haircare routines • Spend lots of time changing outfits before leaving the house •"
Body Image / Caring Less About Your Looks,santum_ai_cbt_body_image_vector_index_v1_EMBED_READY.json,cbt_body_image_m02_cbt_exercise_011,cbt_body_image,mirror_checking,cbt_exercise,low,deny,allow,allow,upgrade_prompt,explicit_cbt_exercise,"In fact it can make them worse, as you are robbing yourself of the opportunity to see whether your fears about the situation are in fact true. For example, if you avoid going to th"
Body Image / Caring Less About Your Looks,santum_ai_cbt_body_image_vector_index_v1_EMBED_READY.json,cbt_body_image_m03_cbt_exercise_008,cbt_body_image,appearance_focused_attention,cbt_exercise,low,deny,allow,allow,upgrade_prompt,explicit_cbt_exercise,So how do we let go of our appearance focused attention? We need to learn skills in attention training. Attention training helps you to let go of thoughts about your appearance and
Body Image / Caring Less About Your Looks,santum_ai_cbt_body_image_vector_index_v1_EMBED_READY.json,cbt_body_image_m03_cbt_exercise_009,cbt_body_image,appearance_focused_attention,cbt_exercise,low,deny,allow,allow,upgrade_prompt,explicit_cbt_exercise,"When you notice that your mind has wandered during these activities, be careful not to criticise yourself for this. Instead, think about each and every ‘wander’ as another opportun"
Body Image / Caring Less About Your Looks,santum_ai_cbt_body_image_vector_index_v1_EMBED_READY.json,cbt_body_image_m03_cbt_exercise_011,cbt_body_image,appearance_focused_attention,cbt_exercise,low,deny,allow,allow,upgrade_prompt,explicit_cbt_exercise,Where on your body do you have contact with it? Are there areas of your body with more or less contact? • Sight: What do you notice about the task? How does the task appear? What a
Body Image / Caring Less About Your Looks,santum_ai_cbt_body_image_vector_index_v1_EMBED_READY.json,cbt_body_image_m03_cbt_exercise_012,cbt_body_image,appearance_focused_attention,cbt_exercise,low,deny,allow,allow,upgrade_prompt,explicit_cbt_exercise,"Once you have completed the mundane task focusing activity, go back to the worksheet and re-rate how much of your attention was self-focused versus task-focused, and have a think a"
Body Image / Caring Less About Your Looks,santum_ai_cbt_body_image_vector_index_v1_EMBED_READY.json,cbt_body_image_m03_cbt_exercise_013,cbt_body_image,appearance_focused_attention,cbt_exercise,low,deny,allow,allow,upgrade_prompt,explicit_cbt_exercise,"Having completed the attention workout, where did I notice my attention was focused during the workout? Self-focused attention (i.e., focusing on thoughts, feelings, appearance, et"
Body Image / Caring Less About Your Looks,santum_ai_cbt_body_image_vector_index_v1_EMBED_READY.json,cbt_body_image_m03_cbt_exercise_014,cbt_body_image,appearance_focused_attention,cbt_exercise,low,deny,allow,allow,upgrade_prompt,explicit_cbt_exercise,"Once you have improved your ability to shift your attention during mundane tasks, the next step is to practice this skill in more challenging situations, like during a gym class or"
Body Image / Caring Less About Your Looks,santum_ai_cbt_body_image_vector_index_v1_EMBED_READY.json,cbt_body_image_m03_cbt_exercise_017,cbt_body_image,self_monitoring,cbt_exercise,low,deny,allow,allow,upgrade_prompt,explicit_cbt_exercise,"The most important aspect of postponement is actually allowing the initial thought about your appearance to come up, but then choosing not to chase the thought then and then. It do"
Body Image / Caring Less About Your Looks,santum_ai_cbt_body_image_vector_index_v1_EMBED_READY.json,cbt_body_image_m03_cbt_exercise_018,cbt_body_image,appearance_focused_attention,cbt_exercise,low,deny,allow,allow,upgrade_prompt,explicit_cbt_exercise,"What happened to the thoughts you postponed? Did you still need to think about them later? If you were able to postpone, what happened to your concerns with your appearance? What w"
Body Image / Caring Less About Your Looks,santum_ai_cbt_body_image_vector_index_v1_EMBED_READY.json,cbt_body_image_m03_cbt_exercise_020,cbt_body_image,body_checking,cbt_exercise,low,deny,allow,allow,upgrade_prompt,explicit_cbt_exercise,This involves reducing the amount of time you spend thinking about your body and appearance by only setting aside a small amount of time each day where you allow yourself to focus 
Body Image / Caring Less About Your Looks,santum_ai_cbt_body_image_vector_index_v1_EMBED_READY.json,cbt_body_image_m04_cbt_exercise_005,cbt_body_image,body_checking,cbt_exercise,low,deny,allow,allow,upgrade_prompt,explicit_cbt_exercise,"Since these behaviours often occur automatically and without us thinking about it, you may need to use the following tips to get a clearer idea of what you are doing and how often."
Body Image / Caring Less About Your Looks,santum_ai_cbt_body_image_vector_index_v1_EMBED_READY.json,cbt_body_image_m04_cbt_exercise_007,cbt_body_image,body_checking,cbt_exercise,low,deny,allow,allow,upgrade_prompt,explicit_cbt_exercise,"Body checking is not just unhelpful; it can also be inaccurate. The images we see in mirrors, photographs or videos are simply representations of how we look and are not necessaril"
Body Image / Caring Less About Your Looks,santum_ai_cbt_body_image_vector_index_v1_EMBED_READY.json,cbt_body_image_m04_cbt_exercise_010,cbt_body_image,mirror_checking,cbt_exercise,low,deny,allow,allow,upgrade_prompt,explicit_cbt_exercise,"You may also have noticed details that you never paid attention to before. So focusing in on aspects of your appearance can lead to a distortion in what we see, and while this can "
Body Image / Caring Less About Your Looks,santum_ai_cbt_body_image_vector_index_v1_EMBED_READY.json,cbt_body_image_m04_cbt_exercise_015,cbt_body_image,mirror_checking,cbt_exercise,low,deny,allow,allow,upgrade_prompt,explicit_cbt_exercise,"GOAL: Reduce how often I look at my stomach in the mirror from 15 times per day to 3 times per day for less than 10 seconds each time. STEPS 5 Reduce to 3 times per day, 10 seconds"
Body Image / Caring Less About Your Looks,santum_ai_cbt_body_image_vector_index_v1_EMBED_READY.json,cbt_body_image_m05_cbt_exercise_002,cbt_body_image,appearance_altering_behaviours,cbt_exercise,low,deny,allow,allow,upgrade_prompt,explicit_cbt_exercise,"As discussed in Module 2, while appearance altering behaviours aren’t necessarily a problem, they can become unhelpful if they keep you overly focused on your appearance, or if the"
Body Image / Caring Less About Your Looks,santum_ai_cbt_body_image_vector_index_v1_EMBED_READY.json,cbt_body_image_m05_cbt_exercise_005,cbt_body_image,appearance_altering_behaviours,cbt_exercise,low,deny,allow,allow,upgrade_prompt,explicit_cbt_exercise,Does this come as a surprise? Do you spend more time than you thought? What are the consequences of spending this amount of time altering your appearance? How does it impact on you
Body Image / Caring Less About Your Looks,santum_ai_cbt_body_image_vector_index_v1_EMBED_READY.json,cbt_body_image_m05_cbt_exercise_006,cbt_body_image,appearance_altering_behaviours,cbt_exercise,low,deny,allow,allow,upgrade_prompt,explicit_cbt_exercise,"This typically occurs when exercising repeatedly to the point of exhaustion, or exercising even when injured or unwell. See CCI handout ‘Unhealthy Exercise’ for further information"
Body Image / Caring Less About Your Looks,santum_ai_cbt_body_image_vector_index_v1_EMBED_READY.json,cbt_body_image_m05_cbt_exercise_007,cbt_body_image,appearance_altering_behaviours,cbt_exercise,low,deny,allow,allow,upgrade_prompt,explicit_cbt_exercise,"Financial Weight loss programs, cosmetic products, supplements and/or exercise regimens are expensive to maintain and, even after spending a lot of money, people often find that th"
Body Image / Caring Less About Your Looks,santum_ai_cbt_body_image_vector_index_v1_EMBED_READY.json,cbt_body_image_m05_cbt_exercise_013,cbt_body_image,appearance_altering_behaviours,cbt_exercise,low,deny,allow,allow,upgrade_prompt,explicit_cbt_exercise,"What is the impact of reducing or stopping this behaviour (e.g., on your finances, health, mood, how preoccupied you were with your appearance)? Experimenting With Changing Your Be"
Body Image / Caring Less About Your Looks,santum_ai_cbt_body_image_vector_index_v1_EMBED_READY.json,cbt_body_image_m05_cbt_exercise_015,cbt_body_image,appearance_focused_attention,cbt_exercise,low,deny,allow,allow,upgrade_prompt,explicit_cbt_exercise,"What are you afraid will happen? If I spend 30 minutes applying make-up instead of my usual 2 hour routine, I will look noticeably worse and my colleagues will make negative commen"
Body Image / Caring Less About Your Looks,santum_ai_cbt_body_image_vector_index_v1_EMBED_READY.json,cbt_body_image_m05_cbt_exercise_016,cbt_body_image,appearance_altering_behaviours,cbt_exercise,low,deny,allow,allow,upgrade_prompt,explicit_cbt_exercise,I will spend 30 minutes doing my make-up before I leave for work for the next two days. Step 7: Evaluate the results. I spoke to 15 colleagues over the two days and sat in a meetin
Body Image / Caring Less About Your Looks,santum_ai_cbt_body_image_vector_index_v1_EMBED_READY.json,cbt_body_image_m05_cbt_exercise_017,cbt_body_image,appearance_altering_behaviours,cbt_exercise,low,deny,allow,allow,upgrade_prompt,explicit_cbt_exercise,I plan to stick to spending only 30 minutes doing my make-up and will remind myself of this experiment to keep me on track. Now it’s your turn to conduct a behavioural experiment t
Body Image / Caring Less About Your Looks,santum_ai_cbt_body_image_vector_index_v1_EMBED_READY.json,cbt_body_image_m05_cbt_exercise_018,cbt_body_image,appearance_altering_behaviours,cbt_exercise,low,deny,allow,allow,upgrade_prompt,explicit_cbt_exercise,How much do I believe my original prediction (0-100%) How much do I believe the alternative prediction (0-100%) Step 9: How will I use this new information going forward? How will 
Body Image / Caring Less About Your Looks,santum_ai_cbt_body_image_vector_index_v1_EMBED_READY.json,cbt_body_image_m05_cbt_exercise_019,cbt_body_image,behavioural_experiments,cbt_exercise,low,deny,allow,allow,upgrade_prompt,explicit_cbt_exercise,"If an experiment seems to confirm that your initial prediction is correct (e.g., someone does make a very negative comment about your appearance), ask yourself if other reasons cou"
Body Image / Caring Less About Your Looks,santum_ai_cbt_body_image_vector_index_v1_EMBED_READY.json,cbt_body_image_m05_cbt_exercise_020,cbt_body_image,appearance_altering_behaviours,cbt_exercise,low,deny,allow,allow,upgrade_prompt,explicit_cbt_exercise,"Finally, if you find that a particular person or group of people overvalue appearance and do indeed make lots of negative comments about your appearance, the experiment will still "
Body Image / Caring Less About Your Looks,santum_ai_cbt_body_image_vector_index_v1_EMBED_READY.json,cbt_body_image_m05_cbt_exercise_021,cbt_body_image,avoidance,cbt_exercise,low,deny,allow,allow,upgrade_prompt,explicit_cbt_exercise,"This can reinforce the importance that appearance has in determining how you feel about yourself. • You can reduce unhelpful appearance altering behaviours by stopping immediately,"
Body Image / Caring Less About Your Looks,santum_ai_cbt_body_image_vector_index_v1_EMBED_READY.json,cbt_body_image_m06_cbt_exercise_002,cbt_body_image,mirror_checking,cbt_exercise,low,deny,allow,allow,upgrade_prompt,explicit_cbt_exercise,"Soon enough, avoidance behaviours can start to have a negative impact on quality of life, and also keep appearance concerns going. Your Avoidance & Safety Behaviours Take a moment "
Body Image / Caring Less About Your Looks,santum_ai_cbt_body_image_vector_index_v1_EMBED_READY.json,cbt_body_image_m07_cbt_exercise_007,cbt_body_image,relapse_prevention,cbt_exercise,low,deny,allow,allow,upgrade_prompt,explicit_cbt_exercise,"With this in mind, choose 5 values that you would like to dedicate more time towards, and list these in order of importance. Let’s think about how you can act more in line with the"
Body Image / Caring Less About Your Looks,santum_ai_cbt_body_image_vector_index_v1_EMBED_READY.json,cbt_body_image_m07_cbt_exercise_008,cbt_body_image,overvaluing_appearance,cbt_exercise,low,deny,allow,allow,upgrade_prompt,explicit_cbt_exercise,Is it a major factor in determining how much you like them? Or are other qualities more important? How does this compare with the importance you place on your own appearance? Take 
Body Image / Caring Less About Your Looks,santum_ai_cbt_body_image_vector_index_v1_EMBED_READY.json,cbt_body_image_m07_cbt_exercise_012,cbt_body_image,overvaluing_appearance,cbt_exercise,low,deny,allow,allow,upgrade_prompt,explicit_cbt_exercise,"Whether it’s running to catch the bus, staying up late and talking on the phone for hours, letting you stay on your feet all day at work, bending down to give your kid a hug, or du"
Body Image / Caring Less About Your Looks,santum_ai_cbt_body_image_vector_index_v1_EMBED_READY.json,cbt_body_image_m07_cbt_exercise_013,cbt_body_image,appearance_altering_behaviours,cbt_exercise,low,deny,allow,allow,upgrade_prompt,explicit_cbt_exercise,What exercise are you doing at the moment? Would it be helpful to include more movement into your week? It is very important to choose a form of exercise that you enjoy rather than
Body Image / Caring Less About Your Looks,santum_ai_cbt_body_image_vector_index_v1_EMBED_READY.json,cbt_body_image_m07_cbt_exercise_018,cbt_body_image,avoidance,cbt_exercise,low,deny,allow,allow,upgrade_prompt,explicit_cbt_exercise,"You can reduce unhelpful appearance altering behaviours using a stepladder approach, or by using behavioural experiments to test out whether your predictions about reducing your be"
Body Image / Caring Less About Your Looks,santum_ai_cbt_body_image_vector_index_v1_EMBED_READY.json,cbt_body_image_m07_cbt_exercise_019,cbt_body_image,overvaluing_appearance,cbt_exercise,low,deny,allow,allow,upgrade_prompt,explicit_cbt_exercise,"Step 5: Addressing overvaluing appearance The more you overvalue appearance, the more it can take away from your ability to live in line with other values you hold. To combat this,"
Body Image / Caring Less About Your Looks,santum_ai_cbt_body_image_vector_index_v1_EMBED_READY.json,cbt_body_image_m07_cbt_exercise_020,cbt_body_image,overvaluing_appearance,cbt_exercise,low,deny,allow,allow,upgrade_prompt,explicit_cbt_exercise,"We hope that the information and strategies shared have been helpful in facilitating meaningful change. Remember, the goal of these modules is to help you live an enjoyable and mea"
Body Image / Caring Less About Your Looks,santum_ai_cbt_body_image_vector_index_v1_EMBED_READY.json,cbt_body_image_m07_cbt_exercise_021,cbt_body_image,body_checking,cbt_exercise,low,deny,allow,allow,upgrade_prompt,explicit_cbt_exercise,"Module Summary • To reduce overconcern with appearance, it is important to work on: - Letting go of preoccupation with your appearance. - Reducing unhelpful checking and reassuranc"
Body Image / Caring Less About Your Looks,santum_ai_cbt_body_image_vector_index_v1_EMBED_READY.json,cbt_body_image_worksheet_001,cbt_body_image,appearance_attention_log,worksheet_instruction,low,deny,allow,allow,upgrade_prompt,explicit_worksheet_instruction,"An appearance attention log helps the user notice when attention becomes stuck on looks. Record the situation, what the user was doing, where attention went, and how strongly appea"
Body Image / Caring Less About Your Looks,santum_ai_cbt_body_image_vector_index_v1_EMBED_READY.json,cbt_body_image_worksheet_002,cbt_body_image,checking_reassurance_log,worksheet_instruction,low,deny,allow,allow,upgrade_prompt,explicit_worksheet_instruction,"A checking and reassurance log tracks behaviours such as mirror checking, comparing, asking others for reassurance, taking repeated photos, or scanning perceived flaws. Record the "
Body Image / Caring Less About Your Looks,santum_ai_cbt_body_image_vector_index_v1_EMBED_READY.json,cbt_body_image_worksheet_003,cbt_body_image,appearance_safety_behaviour_experiment,worksheet_instruction,low,deny,allow,allow,upgrade_prompt,explicit_worksheet_instruction,"An appearance safety behaviour experiment tests whether coping depends on behaviours used to hide, fix, or prevent judgment. The user chooses one low-risk behaviour to reduce, such"
Body Image / Caring Less About Your Looks,santum_ai_cbt_body_image_vector_index_v1_EMBED_READY.json,cbt_body_image_worksheet_004,cbt_body_image,self_worth_balance_map,worksheet_instruction,low,deny,allow,allow,upgrade_prompt,explicit_worksheet_instruction,"A self-worth balance map helps reduce overreliance on appearance as the main source of value. The user lists areas that can contribute to identity, such as relationships, effort, l"
Body Image / Caring Less About Your Looks,santum_ai_cbt_body_image_vector_index_v1_EMBED_READY.json,cbt_body_image_worksheet_005,cbt_body_image,setback_management_plan,worksheet_instruction,low,deny,allow,allow,upgrade_prompt,explicit_worksheet_instruction,"A body image setback plan helps the user respond early when old patterns return. Record warning signs such as increased checking, reassurance seeking, avoiding photos, comparing, o"
Depression / Back from the Bluez,santum_ai_cbt_depression_vector_index_v1_EMBED_READY.json,cbt_depression_m01_cbt_exercise_002,cbt_depression,depression_cycle,cbt_exercise,medium,deny,allow,allow,upgrade_prompt,explicit_cbt_exercise,"Depression can affect any kind of person at any stage of their life. You may be an introvert or an extrovert, socially active or shy, youthful or elderly, male or female, wealthy o"
Depression / Back from the Bluez,santum_ai_cbt_depression_vector_index_v1_EMBED_READY.json,cbt_depression_m01_cbt_exercise_009,cbt_depression,activity_scheduling,cbt_exercise,medium,deny,allow,allow,upgrade_prompt,explicit_cbt_exercise,Medication treatment can be effective in treating these conditions. Brain Chemicals (Neurotransmitters) Nerve cells in the brain communicate to each other by specific chemical subs
Depression / Back from the Bluez,santum_ai_cbt_depression_vector_index_v1_EMBED_READY.json,cbt_depression_m02_cbt_exercise_001,cbt_depression,activity_scheduling,cbt_exercise,medium,deny,allow,allow,upgrade_prompt,explicit_cbt_exercise,Back from the Behavioural Strategies for Managing Depression Behavioural Activation: Fun and Achievement 2 Fun Activities Catalogue 4 Behavioural Activation Worksheet 8 Weekly Acti
Depression / Back from the Bluez,santum_ai_cbt_depression_vector_index_v1_EMBED_READY.json,cbt_depression_m02_cbt_exercise_003,cbt_depression,activity_scheduling,cbt_exercise,medium,deny,allow,allow,upgrade_prompt,explicit_cbt_exercise,"Increasing Your Activity Level One way to combat depression is to simply increase your activity level, especially in pleasurable activities – having fun – and tackling your list of"
Depression / Back from the Bluez,santum_ai_cbt_depression_vector_index_v1_EMBED_READY.json,cbt_depression_m02_cbt_exercise_004,cbt_depression,activity_scheduling,cbt_exercise,medium,deny,allow,allow,upgrade_prompt,explicit_cbt_exercise,"Usually, when you are physically tired, you need rest. However, when you are depressed, the opposite is true. Sleeping more and sitting around doing nothing will only cause you to "
Depression / Back from the Bluez,santum_ai_cbt_depression_vector_index_v1_EMBED_READY.json,cbt_depression_m02_cbt_exercise_006,cbt_depression,activity_scheduling,cbt_exercise,medium,deny,allow,allow,upgrade_prompt,explicit_cbt_exercise,"Doing these things can help you feel more in control of your life (e.g., paying off your debts) and give you satisfaction that you have started doing something (e.g., catching up o"
Depression / Back from the Bluez,santum_ai_cbt_depression_vector_index_v1_EMBED_READY.json,cbt_depression_m02_cbt_exercise_018,cbt_depression,pleasure_mastery,cbt_exercise,medium,deny,allow,allow,upgrade_prompt,explicit_cbt_exercise,Pampering myself at home (e.g. putting on a 193. Meeting new people face mask) 194. Doing 5 minutes of calm deep breathing 240. Watching my children play 195. Going to a community 
Depression / Back from the Bluez,santum_ai_cbt_depression_vector_index_v1_EMBED_READY.json,cbt_depression_m02_cbt_exercise_026,cbt_depression,activity_scheduling,cbt_exercise,medium,deny,allow,allow,upgrade_prompt,explicit_cbt_exercise,they may feel • overwhelmed by the long list • Add a few pleasant and fun activities to your weekly schedule to help you lift your mood • You might also want to start tackling your
Depression / Back from the Bluez,santum_ai_cbt_depression_vector_index_v1_EMBED_READY.json,cbt_depression_m04_cbt_exercise_002,cbt_depression,abc_analysis,cbt_exercise,medium,deny,allow,allow,upgrade_prompt,explicit_cbt_exercise,"If unhelpful thoughts lead to distressing emotions, then it might be quite reasonable to say that the most effective thing to do is to change those unhelpful thoughts to helpful on"
Depression / Back from the Bluez,santum_ai_cbt_depression_vector_index_v1_EMBED_READY.json,cbt_depression_m04_cbt_exercise_003,cbt_depression,belief_challenging,cbt_exercise,medium,deny,allow,allow,upgrade_prompt,explicit_cbt_exercise,"Just describe the event simple, without any ‘frills.’ The next step is to identify the ‘C’ which stands for ‘Consequences,’ and this includes both your feelings and your actions/be"
Depression / Back from the Bluez,santum_ai_cbt_depression_vector_index_v1_EMBED_READY.json,cbt_depression_m04_cbt_exercise_004,cbt_depression,abc_analysis,cbt_exercise,medium,deny,allow,allow,upgrade_prompt,explicit_cbt_exercise,Ask yourself “What was I thinking of when the event occurred?” “What was going through my mind at the time?” Write down all of these thoughts in a list. When you have completed thi
Depression / Back from the Bluez,santum_ai_cbt_depression_vector_index_v1_EMBED_READY.json,cbt_depression_m04_cbt_exercise_008,cbt_depression,belief_challenging,cbt_exercise,medium,deny,allow,allow,upgrade_prompt,explicit_cbt_exercise,Rate how much you believe this thought between didn’t give me a kiss like she 0 to 100. usually does. “She must be tired of me moping around and feeling depressed.” Thought discove
Depression / Back from the Bluez,santum_ai_cbt_depression_vector_index_v1_EMBED_READY.json,cbt_depression_m04_cbt_exercise_010,cbt_depression,support_plan,cbt_exercise,medium,deny,allow,allow,upgrade_prompt,explicit_cbt_exercise,"Clinical handbook of psychological disorders: A step-by-step treatment manual (3rd ed.) New York: The Guilford Press Clark, M.D. & Fairburn, C.C. (1997) Science and practice of cog"
Depression / Back from the Bluez,santum_ai_cbt_depression_vector_index_v1_EMBED_READY.json,cbt_depression_m05_cbt_exercise_012,cbt_depression,unhelpful_thinking_styles,cbt_exercise,medium,deny,allow,allow,upgrade_prompt,explicit_cbt_exercise,"The toast burns at breakfast, and you blame yourself not the toaster, your child plays a wrong note at a concert, and you blame yourself for not making him practice harder. Without"
Depression / Back from the Bluez,santum_ai_cbt_depression_vector_index_v1_EMBED_READY.json,cbt_depression_m05_cbt_exercise_026,cbt_depression,evidence_for_against,cbt_exercise,medium,deny,allow,allow,upgrade_prompt,explicit_cbt_exercise,Labelling: Making global statements about ourselves or others based on behaviour in specific situations. Emotional Reasoning: Basing your view of situations or yourself on the way 
Depression / Back from the Bluez,santum_ai_cbt_depression_vector_index_v1_EMBED_READY.json,cbt_depression_m06_cbt_exercise_008,cbt_depression,abc_analysis,cbt_exercise,medium,deny,allow,allow,upgrade_prompt,explicit_cbt_exercise,"If you have not previously filled out a thought diary, this might be a good time to do one (see Module 4 for more details on how to start an ABC analysis). C entre for CI linical n"
Depression / Back from the Bluez,santum_ai_cbt_depression_vector_index_v1_EMBED_READY.json,cbt_depression_m07_cbt_exercise_005,cbt_depression,unhelpful_thinking_styles,cbt_exercise,medium,deny,allow,allow,upgrade_prompt,explicit_cbt_exercise,"Mark the most distressing (hot) thought with an evening, she said ‘hi’ but didn’t asterisk(*). Rate how much you believe this thought from 0 to give me a kiss like she usually does"
Depression / Back from the Bluez,santum_ai_cbt_depression_vector_index_v1_EMBED_READY.json,cbt_depression_m07_cbt_exercise_012,cbt_depression,balanced_thinking,cbt_exercise,medium,deny,allow,allow,upgrade_prompt,explicit_cbt_exercise,"This is probably because the balanced thought or belief may have been newly ’activated’ into the knowledge system, but has yet to be integrated into the person’s belief system. Thi"
Depression / Back from the Bluez,santum_ai_cbt_depression_vector_index_v1_EMBED_READY.json,cbt_depression_m07_cbt_exercise_021,cbt_depression,evidence_for_against,cbt_exercise,medium,deny,allow,allow,upgrade_prompt,explicit_cbt_exercise,"balanced thought  A balanced thought or belief is one that takes into consideration all the evidence, objective information, and alternative viewpoints  Replace your original, un"
Depression / Back from the Bluez,santum_ai_cbt_depression_vector_index_v1_EMBED_READY.json,cbt_depression_m08_cbt_exercise_001,cbt_depression,balanced_thinking,cbt_exercise,medium,deny,allow,allow,upgrade_prompt,explicit_cbt_exercise,Back from the Core Beliefs Core Beliefs 2 Core Beliefs Worksheet 6 Following Through 7 Module Summary 8 C entre for C linical I nterventions •Psychotherapy•Research•Training Back f
Depression / Back from the Bluez,santum_ai_cbt_depression_vector_index_v1_EMBED_READY.json,cbt_depression_m08_cbt_exercise_004,cbt_depression,core_beliefs,cbt_exercise,medium,deny,allow,allow,upgrade_prompt,explicit_cbt_exercise,"It is not surprising, then, that these types of beliefs are the hardest to shake. Identifying Themes from Thought Diaries So, how can you start identifying your core beliefs? The f"
Depression / Back from the Bluez,santum_ai_cbt_depression_vector_index_v1_EMBED_READY.json,cbt_depression_m08_cbt_exercise_006,cbt_depression,core_beliefs,cbt_exercise,medium,deny,allow,allow,upgrade_prompt,explicit_cbt_exercise,Rate how much you believe this thought from 0 to 100. together but I wasn’t invited to go with them “My flatmates don’t like me.” “What does that mean?” C Consequences “There must 
Depression / Back from the Bluez,santum_ai_cbt_depression_vector_index_v1_EMBED_READY.json,cbt_depression_m08_cbt_exercise_008,cbt_depression,balanced_thinking,cbt_exercise,medium,deny,allow,allow,upgrade_prompt,explicit_cbt_exercise,"Challenging Your Core Beliefs To evaluate and challenge your core beliefs, ask yourself “What experiences do I have that show that this belief is not completely true all the time?”"
Depression / Back from the Bluez,santum_ai_cbt_depression_vector_index_v1_EMBED_READY.json,cbt_depression_m08_cbt_exercise_012,cbt_depression,balanced_thinking,cbt_exercise,medium,deny,allow,allow,upgrade_prompt,explicit_cbt_exercise,Core belief to be tested: Task/s: Prediction: What actually happened: Conclusion: Balanced core belief: C entre for CI linical nterventions •Psychotherapy•Research•Training Back fr
Depression / Back from the Bluez,santum_ai_cbt_depression_vector_index_v1_EMBED_READY.json,cbt_depression_m08_cbt_exercise_015,cbt_depression,behavioural_activation,cbt_exercise,medium,deny,allow,allow,upgrade_prompt,explicit_cbt_exercise,"ask yourself, “What experiences do I have that show that this belief is not completely true all the time?” • Core beliefs can also be challenged by conducting a behavioural experim"
Depression / Back from the Bluez,santum_ai_cbt_depression_vector_index_v1_EMBED_READY.json,cbt_depression_m09_cbt_exercise_001,cbt_depression,relapse_prevention,cbt_exercise,medium,deny,allow,allow,upgrade_prompt,explicit_cbt_exercise,Back from the Self-Management Maintaining Your Gains and Staying Well 2 Healthy Me Worksheet 3 Module Summary 4 C entre for C linical I nterventions •Psychotherapy•Research•Trainin
Depression / Back from the Bluez,santum_ai_cbt_depression_vector_index_v1_EMBED_READY.json,cbt_depression_m09_cbt_exercise_003,cbt_depression,support_plan,cbt_exercise,medium,deny,allow,allow,upgrade_prompt,explicit_cbt_exercise,Under Social Activities you might write: “I will visit friends at least once each week.” You may want to update this worksheet on a regular basis when you need to extend your goals
Depression / Back from the Bluez,santum_ai_cbt_depression_vector_index_v1_EMBED_READY.json,cbt_depression_m09_cbt_exercise_005,cbt_depression,balanced_thinking,cbt_exercise,medium,deny,allow,allow,upgrade_prompt,explicit_cbt_exercise,C entre for CI linical nterventions •Psychotherapy•Research•Training Back from the Balanced Thoughts Social Activities Pleasant Activities Healthy Exercise Relaxation Self-Care Goa
Depression / Back from the Bluez,santum_ai_cbt_depression_vector_index_v1_EMBED_READY.json,cbt_depression_m09_cbt_exercise_006,cbt_depression,evidence_for_against,cbt_exercise,medium,deny,allow,allow,upgrade_prompt,explicit_cbt_exercise,A group of friends can be a source of social support and good company for social activities We hope that you have found this information package to be of benefit to you and that yo
Depression / Back from the Bluez,santum_ai_cbt_depression_vector_index_v1_EMBED_READY.json,cbt_depression_worksheet_001,cbt_depression,activity_scheduling,worksheet_instruction,medium,deny,allow,allow,upgrade_prompt,explicit_worksheet_instruction,"An activity scheduling worksheet helps the user restart small actions when mood and motivation are low. Record one daily routine activity, one small pleasant activity, and one smal"
Depression / Back from the Bluez,santum_ai_cbt_depression_vector_index_v1_EMBED_READY.json,cbt_depression_worksheet_002,cbt_depression,abc_thought_record,worksheet_instruction,medium,deny,allow,allow,upgrade_prompt,explicit_worksheet_instruction,"An ABC thought record helps connect an activating event, belief, and emotional consequence. Record the situation, the automatic thought or belief, the emotion, and the behaviour th"
Depression / Back from the Bluez,santum_ai_cbt_depression_vector_index_v1_EMBED_READY.json,cbt_depression_worksheet_003,cbt_depression,unhelpful_thinking_styles,worksheet_instruction,medium,deny,allow,allow,upgrade_prompt,explicit_worksheet_instruction,"An unhelpful thinking styles worksheet helps the user spot patterns such as black-and-white thinking, negative filtering, catastrophising, mind reading, or overgeneralising. Record"
Depression / Back from the Bluez,santum_ai_cbt_depression_vector_index_v1_EMBED_READY.json,cbt_depression_worksheet_004,cbt_depression,core_belief_review,worksheet_instruction,medium,deny,allow,allow,upgrade_prompt,explicit_worksheet_instruction,"A core belief review helps the user examine deeper beliefs such as 'I am a failure' or 'I am not good enough.' Record the belief, when it becomes active, and what evidence appears "
Depression / Back from the Bluez,santum_ai_cbt_depression_vector_index_v1_EMBED_READY.json,cbt_depression_worksheet_005,cbt_depression,relapse_prevention,worksheet_instruction,medium,deny,allow,allow,upgrade_prompt,explicit_worksheet_instruction,"A depression relapse-prevention worksheet helps the user respond early to warning signs. Record signs such as withdrawal, reduced activity, sleep disruption, harsh self-talk, or lo"
Eating Disorder Recovery,santum_ai_cbt_eating_disorder_recovery_vector_index_v1_EMBED_READY.json,cbt_ed_recovery_m01_cbt_exercise_004,cbt_eating_disorder_recovery,driven_exercise,cbt_exercise,medium,deny,allow,allow,upgrade_prompt,explicit_cbt_exercise,"They are serious mental illnesses that can have a severe impact on physical health, relationships, work, mood, and quality of life. Eating disorders carry an increased risk of medi"
Eating Disorder Recovery,santum_ai_cbt_eating_disorder_recovery_vector_index_v1_EMBED_READY.json,cbt_ed_recovery_m01_cbt_exercise_005,cbt_eating_disorder_recovery,driven_exercise,cbt_exercise,medium,deny,allow,allow,upgrade_prompt,explicit_cbt_exercise,"We are constantly hearing messages telling us what is ‘right’ and ‘wrong’ when it comes to what types of food to eat, when to eat, how much to eat, how we should be exercising, and"
Eating Disorder Recovery,santum_ai_cbt_eating_disorder_recovery_vector_index_v1_EMBED_READY.json,cbt_ed_recovery_m01_cbt_exercise_008,cbt_eating_disorder_recovery,driven_exercise,cbt_exercise,medium,deny,allow,allow,upgrade_prompt,explicit_cbt_exercise,"Do you get bloated often, or feel dizzy? Are your eating disorder behaviours leading to tension or disagreements with others? Do you find it hard to go to social events that involv"
Eating Disorder Recovery,santum_ai_cbt_eating_disorder_recovery_vector_index_v1_EMBED_READY.json,cbt_ed_recovery_m01_cbt_exercise_009,cbt_eating_disorder_recovery,purging_risk,cbt_exercise,medium,deny,allow,allow,upgrade_prompt,explicit_cbt_exercise,It is very important that all individuals engaging in any kind of disordered eating regularly consult with a medical practitioner to monitor and manage potential health risks and a
Eating Disorder Recovery,santum_ai_cbt_eating_disorder_recovery_vector_index_v1_EMBED_READY.json,cbt_ed_recovery_m01_cbt_exercise_011,cbt_eating_disorder_recovery,driven_exercise,cbt_exercise,medium,deny,allow,allow,upgrade_prompt,explicit_cbt_exercise,"Unfortunately, our society is a potentially triggering environment, with images of unachievable bodies and inaccurate and conflicting messages about diets and exercise ever present"
Eating Disorder Recovery,santum_ai_cbt_eating_disorder_recovery_vector_index_v1_EMBED_READY.json,cbt_ed_recovery_m01_cbt_exercise_014,cbt_eating_disorder_recovery,setbacks,cbt_exercise,medium,deny,allow,allow,upgrade_prompt,explicit_cbt_exercise,Many people with eating disorders tend to focus on what they have not done well rather than focussing on progress and this can lead to setbacks. We also know that just tracking you
Eating Disorder Recovery,santum_ai_cbt_eating_disorder_recovery_vector_index_v1_EMBED_READY.json,cbt_ed_recovery_m02_cbt_exercise_013,cbt_eating_disorder_recovery,binge_eating_cycle,cbt_exercise,medium,deny,allow,allow,upgrade_prompt,explicit_cbt_exercise,"addressing starvation syndrome and reducing behaviours intended to control eating, weight, and shape (Modules 4 - 7). • Then we will turn our attention to other eating disorder beh"
Eating Disorder Recovery,santum_ai_cbt_eating_disorder_recovery_vector_index_v1_EMBED_READY.json,cbt_ed_recovery_m03_cbt_exercise_004,cbt_eating_disorder_recovery,driven_exercise,cbt_exercise,medium,deny,allow,allow,upgrade_prompt,explicit_cbt_exercise,"Since weight goes up and down naturally, when you step on the scale you are only getting an estimate of your weight at a particular moment. To reduce the impact of the error that n"
Eating Disorder Recovery,santum_ai_cbt_eating_disorder_recovery_vector_index_v1_EMBED_READY.json,cbt_ed_recovery_m03_cbt_exercise_005,cbt_eating_disorder_recovery,driven_exercise,cbt_exercise,medium,deny,allow,allow,upgrade_prompt,explicit_cbt_exercise,"Like other aspects of your physical and psychological makeup such as your height, shoe size, skin colour, intelligence and sporting ability, your weight is largely determined by ge"
Eating Disorder Recovery,santum_ai_cbt_eating_disorder_recovery_vector_index_v1_EMBED_READY.json,cbt_ed_recovery_m03_cbt_exercise_010,cbt_eating_disorder_recovery,driven_exercise,cbt_exercise,medium,deny,allow,allow,upgrade_prompt,explicit_cbt_exercise,"When you tell yourself that a natural weight fluctuation is actually due to what or how much you have eaten or exercised, you might try to cut back on what you are eating or exerci"
Eating Disorder Recovery,santum_ai_cbt_eating_disorder_recovery_vector_index_v1_EMBED_READY.json,cbt_ed_recovery_m03_cbt_exercise_015,cbt_eating_disorder_recovery,reducing_scale_focus,cbt_exercise,medium,deny,allow,allow,upgrade_prompt,explicit_cbt_exercise,"Break Free From ED Weekly Weighing Worksheet - Example Day I will weigh myself: Thursday Predicted versus actual weight: Before you step on the scales, think about your eating over"
Eating Disorder Recovery,santum_ai_cbt_eating_disorder_recovery_vector_index_v1_EMBED_READY.json,cbt_ed_recovery_m03_cbt_exercise_017,cbt_eating_disorder_recovery,reducing_scale_focus,cbt_exercise,medium,deny,allow,allow,upgrade_prompt,explicit_cbt_exercise,I need to keep testing out what happens to my weight as I tackle other eating disorder behaviours. Break Free From ED Weekly Weighing Worksheet Day I will weigh myself: Predicted v
Eating Disorder Recovery,santum_ai_cbt_eating_disorder_recovery_vector_index_v1_EMBED_READY.json,cbt_ed_recovery_m04_cbt_exercise_003,cbt_eating_disorder_recovery,self_monitoring,cbt_exercise,medium,deny,allow,allow,upgrade_prompt,explicit_cbt_exercise,"Stepping back to develop this awareness will help you work on doing things differently in the moment, to see what happens as a result. We can liken self-monitoring to a sportsperso"
Eating Disorder Recovery,santum_ai_cbt_eating_disorder_recovery_vector_index_v1_EMBED_READY.json,cbt_ed_recovery_m04_cbt_exercise_007,cbt_eating_disorder_recovery,reducing_scale_focus,cbt_exercise,medium,deny,allow,allow,upgrade_prompt,explicit_cbt_exercise,Break Free From ED Common Barriers to Self-Monitoring The idea of self-monitoring every day in real-time might feel daunting and like we are asking a lot of you. Research shows tha
Eating Disorder Recovery,santum_ai_cbt_eating_disorder_recovery_vector_index_v1_EMBED_READY.json,cbt_ed_recovery_m04_cbt_exercise_008,cbt_eating_disorder_recovery,binge_eating_cycle,cbt_exercise,medium,deny,allow,allow,upgrade_prompt,explicit_cbt_exercise,"Remember, this is the first time you have seen it all on paper - this can be pretty confronting, and your brain is going to want to pay attention to that! But this is the first ste"
Eating Disorder Recovery,santum_ai_cbt_eating_disorder_recovery_vector_index_v1_EMBED_READY.json,cbt_ed_recovery_m04_cbt_exercise_009,cbt_eating_disorder_recovery,self_monitoring,cbt_exercise,medium,deny,allow,allow,upgrade_prompt,explicit_cbt_exercise,"If anything, these are the bits that are most important to write down. If you notice these feelings jot them down in your thoughts and feelings column (e.g. ‘feel so ashamed’). It "
Eating Disorder Recovery,santum_ai_cbt_eating_disorder_recovery_vector_index_v1_EMBED_READY.json,cbt_ed_recovery_m04_cbt_exercise_010,cbt_eating_disorder_recovery,pattern_awareness,cbt_exercise,medium,deny,allow,allow,upgrade_prompt,explicit_cbt_exercise,"Rather than just focusing on what you eat, this particular self-monitoring is also designed to help you to identify triggers, key thought patterns and emotions, and consider the im"
Eating Disorder Recovery,santum_ai_cbt_eating_disorder_recovery_vector_index_v1_EMBED_READY.json,cbt_ed_recovery_m04_cbt_exercise_011,cbt_eating_disorder_recovery,meal_support,cbt_exercise,medium,deny,allow,allow,upgrade_prompt,explicit_cbt_exercise,"Helpful tips for real-time self-monitoring include: • Set alarm reminders for every meal and snack you eat for the first 2-weeks, or until you get into the routine of monitoring. •"
Eating Disorder Recovery,santum_ai_cbt_eating_disorder_recovery_vector_index_v1_EMBED_READY.json,cbt_ed_recovery_m04_cbt_exercise_012,cbt_eating_disorder_recovery,binge_eating_cycle,cbt_exercise,medium,deny,allow,allow,upgrade_prompt,explicit_cbt_exercise,Reviewing Your Self-monitoring It is important that you review your self-monitoring in detail each week. This review will help you to identify problematic patterns of eating and ar
Eating Disorder Recovery,santum_ai_cbt_eating_disorder_recovery_vector_index_v1_EMBED_READY.json,cbt_ed_recovery_m04_cbt_exercise_015,cbt_eating_disorder_recovery,reducing_scale_focus,cbt_exercise,medium,deny,allow,allow,upgrade_prompt,explicit_cbt_exercise,"What do you want to work on this week? (e.g., weekly weighing, complete self-monitoring every day) Break Free From ED Module Summary • Self-monitoring aims to increase your awarene"
Eating Disorder Recovery,santum_ai_cbt_eating_disorder_recovery_vector_index_v1_EMBED_READY.json,cbt_ed_recovery_m05_cbt_exercise_002,cbt_eating_disorder_recovery,reducing_scale_focus,cbt_exercise,medium,deny,allow,allow,upgrade_prompt,explicit_cbt_exercise,"Break Free From ED Introduction In Module 4 we introduced self-monitoring, a key strategy to understand your attempts to control your eating, weight, and shape and start to make ch"
Eating Disorder Recovery,santum_ai_cbt_eating_disorder_recovery_vector_index_v1_EMBED_READY.json,cbt_ed_recovery_m05_cbt_exercise_006,cbt_eating_disorder_recovery,binge_eating_cycle,cbt_exercise,medium,deny,allow,allow,upgrade_prompt,explicit_cbt_exercise,We are first going to need to teach your body when to expect food and when it has reached satiety. Later you will be able to tune into your body cues regarding hunger and fullness.
Eating Disorder Recovery,santum_ai_cbt_eating_disorder_recovery_vector_index_v1_EMBED_READY.json,cbt_ed_recovery_m05_cbt_exercise_007,cbt_eating_disorder_recovery,binge_eating_cycle,cbt_exercise,medium,deny,allow,allow,upgrade_prompt,explicit_cbt_exercise,"With increasing hunger and symptoms of semi-starvation, the body craves more energy-dense foods (i.e., carbohydrates) and the urge to eat is very strong, usually leading to consumi"
Eating Disorder Recovery,santum_ai_cbt_eating_disorder_recovery_vector_index_v1_EMBED_READY.json,cbt_ed_recovery_m05_cbt_exercise_009,cbt_eating_disorder_recovery,binge_eating_cycle,cbt_exercise,medium,deny,allow,allow,upgrade_prompt,explicit_cbt_exercise,"These changes can cause feelings of fatigue, dizziness, brain fog and a range of gastrointestinal changes, like discomfort and nausea, as the body works to digest the food consumed"
Eating Disorder Recovery,santum_ai_cbt_eating_disorder_recovery_vector_index_v1_EMBED_READY.json,cbt_ed_recovery_m05_cbt_exercise_012,cbt_eating_disorder_recovery,binge_eating_cycle,cbt_exercise,medium,deny,allow,allow,upgrade_prompt,explicit_cbt_exercise,"What do you want to work on this week? (e.g., weekly weighing, complete self-monitoring every day- paying attention to my energy levels) Break Free From ED Module Summary • Maintai"
Eating Disorder Recovery,santum_ai_cbt_eating_disorder_recovery_vector_index_v1_EMBED_READY.json,cbt_ed_recovery_m06_cbt_exercise_006,cbt_eating_disorder_recovery,binge_eating_cycle,cbt_exercise,medium,deny,allow,allow,upgrade_prompt,explicit_cbt_exercise,We will cover rules in Module 7 • Establishes habits that will help prevent binge eating. When eating regularly you are less likely to become overly hungry and feel out of control 
Eating Disorder Recovery,santum_ai_cbt_eating_disorder_recovery_vector_index_v1_EMBED_READY.json,cbt_ed_recovery_m06_cbt_exercise_007,cbt_eating_disorder_recovery,regular_eating,cbt_exercise,medium,deny,allow,allow,upgrade_prompt,explicit_cbt_exercise,"You can also write this on your self- monitoring form. As best you can, prepare your meals and snacks in advance. Try to carry snacks with you (e.g., muesli bar, dried fruit, nuts,"
Eating Disorder Recovery,santum_ai_cbt_eating_disorder_recovery_vector_index_v1_EMBED_READY.json,cbt_ed_recovery_m06_cbt_exercise_011,cbt_eating_disorder_recovery,reducing_scale_focus,cbt_exercise,medium,deny,allow,allow,upgrade_prompt,explicit_cbt_exercise,"Each meal and snack you eat should contain at least one serving of carbohydrates. Complex carbohydrates include foods like breads, pasta, potato, couscous, rice and cereals. contai"
Eating Disorder Recovery,santum_ai_cbt_eating_disorder_recovery_vector_index_v1_EMBED_READY.json,cbt_ed_recovery_m06_cbt_exercise_014,cbt_eating_disorder_recovery,driven_exercise,cbt_exercise,medium,deny,allow,allow,upgrade_prompt,explicit_cbt_exercise,"When your body and brain are less starved, and you are closer to your genetic set point weight range, you can address other aspects of your eating disorder, such as fears about par"
Eating Disorder Recovery,santum_ai_cbt_eating_disorder_recovery_vector_index_v1_EMBED_READY.json,cbt_ed_recovery_m07_cbt_exercise_004,cbt_eating_disorder_recovery,eating_for_recovery,cbt_exercise,medium,deny,allow,allow,upgrade_prompt,explicit_cbt_exercise,Take a look at your last week’s self- monitoring and write down the food that you have eaten in each food group over the past 7 days. If you are unsure which group the food belongs
Eating Disorder Recovery,santum_ai_cbt_eating_disorder_recovery_vector_index_v1_EMBED_READY.json,cbt_ed_recovery_m07_cbt_exercise_010,cbt_eating_disorder_recovery,reducing_scale_focus,cbt_exercise,medium,deny,allow,allow,upgrade_prompt,explicit_cbt_exercise,The next step is to write down a list of foods that you have been avoiding so we can start to identify the beliefs you have about these foods and then test out the accuracy of thes
Eating Disorder Recovery,santum_ai_cbt_eating_disorder_recovery_vector_index_v1_EMBED_READY.json,cbt_ed_recovery_m07_cbt_exercise_011,cbt_eating_disorder_recovery,binge_eating_cycle,cbt_exercise,medium,deny,allow,allow,upgrade_prompt,explicit_cbt_exercise,My Feared Foods Food I avoid Rate anxiety (1-10) My prediction: What do I think will happen if I include this regularly? e.g. hot chips 9 If I eat a small serve of hot chips 3 time
Eating Disorder Recovery,santum_ai_cbt_eating_disorder_recovery_vector_index_v1_EMBED_READY.json,cbt_ed_recovery_m07_cbt_exercise_012,cbt_eating_disorder_recovery,eating_for_recovery,cbt_exercise,medium,deny,allow,allow,upgrade_prompt,explicit_cbt_exercise,Behavioural experiments provide a structured way of systematically and directly testing our fears. This will take some courage. Let’s take a look at the following example of settin
Eating Disorder Recovery,santum_ai_cbt_eating_disorder_recovery_vector_index_v1_EMBED_READY.json,cbt_ed_recovery_m07_cbt_exercise_013,cbt_eating_disorder_recovery,reducing_scale_focus,cbt_exercise,medium,deny,allow,allow,upgrade_prompt,explicit_cbt_exercise,"I will eat a medium-sized hot chips from my local shop on Saturday, Tuesday, and Thursday this week to have with my evening meal. I will continue to eat regularly and not restrict "
Eating Disorder Recovery,santum_ai_cbt_eating_disorder_recovery_vector_index_v1_EMBED_READY.json,cbt_ed_recovery_m07_cbt_exercise_014,cbt_eating_disorder_recovery,fear_foods,cbt_exercise,medium,deny,allow,allow,upgrade_prompt,explicit_cbt_exercise,"Step 6: Re-rate the strength of your original prediction (0-100%): 55% Step 7: Double-down for improved learning. If you still believe the prediction to some degree, then you can d"
Eating Disorder Recovery,santum_ai_cbt_eating_disorder_recovery_vector_index_v1_EMBED_READY.json,cbt_ed_recovery_m07_cbt_exercise_016,cbt_eating_disorder_recovery,eating_for_recovery,cbt_exercise,medium,deny,allow,allow,upgrade_prompt,explicit_cbt_exercise,That’s normal and perfectly okay – anxiety is safe and it’s unrealistic to expect it to just ‘go away’. We encourage you to be curious about what you learn as a result of making th
Eating Disorder Recovery,santum_ai_cbt_eating_disorder_recovery_vector_index_v1_EMBED_READY.json,cbt_ed_recovery_m07_cbt_exercise_018,cbt_eating_disorder_recovery,reducing_scale_focus,cbt_exercise,medium,deny,allow,allow,upgrade_prompt,explicit_cbt_exercise,"What is scary for one person is not necessarily scary for another person. So, you will need to work out the best way of testing out feared foods for you. Try to be as brave as you "
Eating Disorder Recovery,santum_ai_cbt_eating_disorder_recovery_vector_index_v1_EMBED_READY.json,cbt_ed_recovery_m07_cbt_exercise_019,cbt_eating_disorder_recovery,recovery_practice,cbt_exercise,medium,deny,allow,allow,upgrade_prompt,explicit_cbt_exercise,Step 5: Reflect on the experiment. What did I learn about my original prediction? Step 6: Re-rate the strength of your original prediction (0-100%): Step 7: Double-down for improve
Eating Disorder Recovery,santum_ai_cbt_eating_disorder_recovery_vector_index_v1_EMBED_READY.json,cbt_ed_recovery_m07_cbt_exercise_022,cbt_eating_disorder_recovery,reducing_scale_focus,cbt_exercise,medium,deny,allow,allow,upgrade_prompt,explicit_cbt_exercise,"Y/N Weekly weighing Self-monitoring daily and in real-time Eating regularly (i.e., 3 meals and 2-3 snacks daily) Eating adequate quantities of food Finally, set some goals! What do"
Eating Disorder Recovery,santum_ai_cbt_eating_disorder_recovery_vector_index_v1_EMBED_READY.json,cbt_ed_recovery_m07_cbt_exercise_023,cbt_eating_disorder_recovery,binge_eating_cycle,cbt_exercise,medium,deny,allow,allow,upgrade_prompt,explicit_cbt_exercise,"Food Pyramid, which provides guidance on varied eating during recovery from an eating disorder. • We asked you to develop a list of feared foods and to identify the specific fears "
Eating Disorder Recovery,santum_ai_cbt_eating_disorder_recovery_vector_index_v1_EMBED_READY.json,cbt_ed_recovery_m08_cbt_exercise_002,cbt_eating_disorder_recovery,binge_eating_cycle,cbt_exercise,medium,deny,allow,allow,upgrade_prompt,explicit_cbt_exercise,"Break Free From ED Introduction By now, we hope you’re eating regularly and enough and experimenting with including feared foods. We will now turn our attention to binge eating, wh"
Eating Disorder Recovery,santum_ai_cbt_eating_disorder_recovery_vector_index_v1_EMBED_READY.json,cbt_ed_recovery_m08_cbt_exercise_005,cbt_eating_disorder_recovery,binge_eating_cycle,cbt_exercise,medium,deny,allow,allow,upgrade_prompt,explicit_cbt_exercise,If you use binge eating to avoid or escape from distress then you won’t learn to deal with these feelings in other more helpful ways and will likely continue to struggle the next t
Eating Disorder Recovery,santum_ai_cbt_eating_disorder_recovery_vector_index_v1_EMBED_READY.json,cbt_ed_recovery_m08_cbt_exercise_007,cbt_eating_disorder_recovery,binge_eating_cycle,cbt_exercise,medium,deny,allow,allow,upgrade_prompt,explicit_cbt_exercise,"When a rule is broken, many people describe abandoning their diets for a short period, thinking ‘I’ve failed so I may as well give up and get back on track tomorrow’. This ‘all-or-"
Eating Disorder Recovery,santum_ai_cbt_eating_disorder_recovery_vector_index_v1_EMBED_READY.json,cbt_ed_recovery_m08_cbt_exercise_008,cbt_eating_disorder_recovery,binge_eating_cycle,cbt_exercise,medium,deny,allow,allow,upgrade_prompt,explicit_cbt_exercise,Look at your self-monitoring from the past week and take some time to complete the worksheet below so you can better understand any binge eating that occurred. How many times this 
Eating Disorder Recovery,santum_ai_cbt_eating_disorder_recovery_vector_index_v1_EMBED_READY.json,cbt_ed_recovery_m08_cbt_exercise_011,cbt_eating_disorder_recovery,binge_eating_cycle,cbt_exercise,medium,deny,allow,allow,upgrade_prompt,explicit_cbt_exercise,"This is also true of our emotions – even the most intense emotions can’t last forever, and we can learn to ride them out. Just like surfing a big wave will feel difficult at first,"
Eating Disorder Recovery,santum_ai_cbt_eating_disorder_recovery_vector_index_v1_EMBED_READY.json,cbt_ed_recovery_m08_cbt_exercise_012,cbt_eating_disorder_recovery,binge_eating_cycle,cbt_exercise,medium,deny,allow,allow,upgrade_prompt,explicit_cbt_exercise,"It’s about being aware of your triggers and early warning signs, so that you can start to intervene before the urge feels completely overwhelming. You have already started tuning i"
Eating Disorder Recovery,santum_ai_cbt_eating_disorder_recovery_vector_index_v1_EMBED_READY.json,cbt_ed_recovery_m08_cbt_exercise_013,cbt_eating_disorder_recovery,binge_eating_cycle,cbt_exercise,medium,deny,allow,allow,upgrade_prompt,explicit_cbt_exercise,"To begin with, if the urge still feels very strong at this time, you may still choose to binge, but be sure to note in your monitoring that you were able to delay this for 15 minut"
Eating Disorder Recovery,santum_ai_cbt_eating_disorder_recovery_vector_index_v1_EMBED_READY.json,cbt_ed_recovery_m08_cbt_exercise_015,cbt_eating_disorder_recovery,binge_eating_cycle,cbt_exercise,medium,deny,allow,allow,upgrade_prompt,explicit_cbt_exercise,"Break Free From ED My Urge Surfing Log Use the following table to create your own urge surfing plan guided by the example. Next time you have an urge to binge, record the urge in t"
Eating Disorder Recovery,santum_ai_cbt_eating_disorder_recovery_vector_index_v1_EMBED_READY.json,cbt_ed_recovery_m08_cbt_exercise_020,cbt_eating_disorder_recovery,binge_eating_cycle,cbt_exercise,medium,deny,allow,allow,upgrade_prompt,explicit_cbt_exercise,complete urge surfing log) Break Free From ED Module Summary • Many people with an eating disorder engage in binge eating • Binge eating involves a sense of loss of control over ea
Eating Disorder Recovery,santum_ai_cbt_eating_disorder_recovery_vector_index_v1_EMBED_READY.json,cbt_ed_recovery_m09_cbt_exercise_011,cbt_eating_disorder_recovery,purging_risk,cbt_exercise,medium,deny,allow,allow,upgrade_prompt,explicit_cbt_exercise,Fullness 0 minutes 10 20 30 40 50 60 minutes minutes minutes minutes minutes minutes Time after eating Note how this person’s fullness increases and reduces at different times over
Eating Disorder Recovery,santum_ai_cbt_eating_disorder_recovery_vector_index_v1_EMBED_READY.json,cbt_ed_recovery_m09_cbt_exercise_014,cbt_eating_disorder_recovery,purging_risk,cbt_exercise,medium,deny,allow,allow,upgrade_prompt,explicit_cbt_exercise,"What did you notice? (e.g., although it takes some time, the urge always passes; the more I practice sitting with urges, the more confident I feel to manage them; when I focus my a"
Eating Disorder Recovery,santum_ai_cbt_eating_disorder_recovery_vector_index_v1_EMBED_READY.json,cbt_ed_recovery_m10_cbt_exercise_003,cbt_eating_disorder_recovery,driven_exercise,cbt_exercise,medium,deny,allow,allow,upgrade_prompt,explicit_cbt_exercise,Driven exercise is often one of the first symptoms of an eating disorder to emerge and one of the last to be tackled as part of recovery from an eating disorder. NOTE: Intervention
Eating Disorder Recovery,santum_ai_cbt_eating_disorder_recovery_vector_index_v1_EMBED_READY.json,cbt_ed_recovery_m10_cbt_exercise_004,cbt_eating_disorder_recovery,driven_exercise,cbt_exercise,medium,deny,allow,allow,upgrade_prompt,explicit_cbt_exercise,"If you are eating enough, then it’s a helpful guideline to be active on most days of the week, by doing things like walking the dog, going to a dance class, playing a game of socce"
Eating Disorder Recovery,santum_ai_cbt_eating_disorder_recovery_vector_index_v1_EMBED_READY.json,cbt_ed_recovery_m10_cbt_exercise_007,cbt_eating_disorder_recovery,driven_exercise,cbt_exercise,medium,deny,allow,allow,upgrade_prompt,explicit_cbt_exercise,"sick, or injured I exercise to avoid feeling bad (e.g., guilty, anxious) I feel driven to exercise I cancel plans/avoid activities I enjoy if they interfere with my exercise I find"
Eating Disorder Recovery,santum_ai_cbt_eating_disorder_recovery_vector_index_v1_EMBED_READY.json,cbt_ed_recovery_m10_cbt_exercise_008,cbt_eating_disorder_recovery,purging_risk,cbt_exercise,medium,deny,allow,allow,upgrade_prompt,explicit_cbt_exercise,"The following symptoms can be associated with driven exercise: - Amenorrhoea (losing your period) - Osteoporosis (low bone density) - Heart problems (including dizziness, fainting,"
Eating Disorder Recovery,santum_ai_cbt_eating_disorder_recovery_vector_index_v1_EMBED_READY.json,cbt_ed_recovery_m10_cbt_exercise_009,cbt_eating_disorder_recovery,driven_exercise,cbt_exercise,medium,deny,allow,allow,upgrade_prompt,explicit_cbt_exercise,"But you might have noticed yourself feeling quite anxious and holding on to exercise as a means of managing these changes. For example, maybe you added in a feared food this past w"
Eating Disorder Recovery,santum_ai_cbt_eating_disorder_recovery_vector_index_v1_EMBED_READY.json,cbt_ed_recovery_m10_cbt_exercise_010,cbt_eating_disorder_recovery,driven_exercise,cbt_exercise,medium,deny,allow,allow,upgrade_prompt,explicit_cbt_exercise,"Safety behaviours seem helpful, because they reduce anxiety in the short- term. Unfortunately, they keep anxiety going in the longer term because they stop us from directly testing"
Eating Disorder Recovery,santum_ai_cbt_eating_disorder_recovery_vector_index_v1_EMBED_READY.json,cbt_ed_recovery_m10_cbt_exercise_011,cbt_eating_disorder_recovery,driven_exercise,cbt_exercise,medium,deny,allow,allow,upgrade_prompt,explicit_cbt_exercise,"This could involve any of the following: - Reducing the amount of time I’m exercising in a day (e.g., from 60 to 30 minutes) - Reducing the number of days I’m exercising each week "
Eating Disorder Recovery,santum_ai_cbt_eating_disorder_recovery_vector_index_v1_EMBED_READY.json,cbt_ed_recovery_m10_cbt_exercise_012,cbt_eating_disorder_recovery,driven_exercise,cbt_exercise,medium,deny,allow,allow,upgrade_prompt,explicit_cbt_exercise,"My current exercise is 60 min gym workouts 7 x days per week. I will reduce this to 3 x gym workouts, and 4 exercise-free days this week. I will record this on my self-monitoring. "
Eating Disorder Recovery,santum_ai_cbt_eating_disorder_recovery_vector_index_v1_EMBED_READY.json,cbt_ed_recovery_m10_cbt_exercise_013,cbt_eating_disorder_recovery,driven_exercise,cbt_exercise,medium,deny,allow,allow,upgrade_prompt,explicit_cbt_exercise,"If you still believe the prediction to some degree, which is normal, then you can double-down on your exercise experiment. What experiment could you conduct to ‘prove’ that your fe"
Eating Disorder Recovery,santum_ai_cbt_eating_disorder_recovery_vector_index_v1_EMBED_READY.json,cbt_ed_recovery_m10_cbt_exercise_015,cbt_eating_disorder_recovery,driven_exercise,cbt_exercise,medium,deny,allow,allow,upgrade_prompt,explicit_cbt_exercise,"In developing a healthy relationship with exercise, moving your body can be about a lot of things! Here are some examples of healthy reasons to move your body: • Maintaining good p"
Eating Disorder Recovery,santum_ai_cbt_eating_disorder_recovery_vector_index_v1_EMBED_READY.json,cbt_ed_recovery_m10_cbt_exercise_016,cbt_eating_disorder_recovery,driven_exercise,cbt_exercise,medium,deny,allow,allow,upgrade_prompt,explicit_cbt_exercise,Select some ideas to try from the list below or come up with your own ideas …  Kayaking  Touch rugby  Martial arts  Playing golf  Yoga class  Beach volleyball  Going for a s
Eating Disorder Recovery,santum_ai_cbt_eating_disorder_recovery_vector_index_v1_EMBED_READY.json,cbt_ed_recovery_m11_cbt_exercise_006,cbt_eating_disorder_recovery,driven_exercise,cbt_exercise,medium,deny,allow,allow,upgrade_prompt,explicit_cbt_exercise,"This might include avoiding looking in mirrors, only wearing loose-fitting clothing, or avoiding situations where others might see your body (e.g. an exercise class). Break Free Fr"
Eating Disorder Recovery,santum_ai_cbt_eating_disorder_recovery_vector_index_v1_EMBED_READY.json,cbt_ed_recovery_m11_cbt_exercise_008,cbt_eating_disorder_recovery,body_checking,cbt_exercise,medium,deny,allow,allow,upgrade_prompt,explicit_cbt_exercise,"So, what is ‘normal’ when it comes to checking your body? It can vary from one behaviour to another but in general it can be helpful to think of body checking behaviours as existin"
Eating Disorder Recovery,santum_ai_cbt_eating_disorder_recovery_vector_index_v1_EMBED_READY.json,cbt_ed_recovery_m11_cbt_exercise_011,cbt_eating_disorder_recovery,body_checking,cbt_exercise,medium,deny,allow,allow,upgrade_prompt,explicit_cbt_exercise,Why People Engage in Checking Behaviours Many people believe that checking behaviours are helpful or necessary in some way. Highlight any beliefs you hold about checking: • Compari
Eating Disorder Recovery,santum_ai_cbt_eating_disorder_recovery_vector_index_v1_EMBED_READY.json,cbt_ed_recovery_m11_cbt_exercise_012,cbt_eating_disorder_recovery,body_checking,cbt_exercise,medium,deny,allow,allow,upgrade_prompt,explicit_cbt_exercise,"Break Free From ED Body Checking “Up” and “Down” Experiment If you are often body checking and believe this is helpful and valuable to you, then you can conduct an experiment to se"
Eating Disorder Recovery,santum_ai_cbt_eating_disorder_recovery_vector_index_v1_EMBED_READY.json,cbt_ed_recovery_m11_cbt_exercise_013,cbt_eating_disorder_recovery,body_checking,cbt_exercise,medium,deny,allow,allow,upgrade_prompt,explicit_cbt_exercise,"In this experiment we want you to alternate between each day of the week, turning DOWN the volume on body checking one day, then turning UP the volume on body checking the next day"
Eating Disorder Recovery,santum_ai_cbt_eating_disorder_recovery_vector_index_v1_EMBED_READY.json,cbt_ed_recovery_m11_cbt_exercise_015,cbt_eating_disorder_recovery,body_checking,cbt_exercise,medium,deny,allow,allow,upgrade_prompt,explicit_cbt_exercise,"E.g., on days I check more, I will feel better about my body. • Enter your predictions into the left column Step 3: Record what happens: • At the end of each day, rate what happene"
Eating Disorder Recovery,santum_ai_cbt_eating_disorder_recovery_vector_index_v1_EMBED_READY.json,cbt_ed_recovery_m11_cbt_exercise_016,cbt_eating_disorder_recovery,binge_eating_cycle,cbt_exercise,medium,deny,allow,allow,upgrade_prompt,explicit_cbt_exercise,Checking Checking Checking Checking Checking Rating (0-10) Rating (0- Rating (0-10) Rating (0- Rating (0-10) 10) 10) Example prediction 5 3 6 3 6 “I will feel better about my body”
Eating Disorder Recovery,santum_ai_cbt_eating_disorder_recovery_vector_index_v1_EMBED_READY.json,cbt_ed_recovery_m11_cbt_exercise_018,cbt_eating_disorder_recovery,driven_exercise,cbt_exercise,medium,deny,allow,allow,upgrade_prompt,explicit_cbt_exercise,Check in with your use of media and social media • What pages are you following? • Do they contain unrealistic images or images that make you feel worse about your own body? Do the
Eating Disorder Recovery,santum_ai_cbt_eating_disorder_recovery_vector_index_v1_EMBED_READY.json,cbt_ed_recovery_m12_cbt_exercise_003,cbt_eating_disorder_recovery,driven_exercise,cbt_exercise,medium,deny,allow,allow,upgrade_prompt,explicit_cbt_exercise,What do you think would happen if you approached this situation? • Rate your anxiety about approaching the situation on a scale from 0-10. 0 – Perfectly relaxed; 10 – Overwhelming 
Eating Disorder Recovery,santum_ai_cbt_eating_disorder_recovery_vector_index_v1_EMBED_READY.json,cbt_ed_recovery_m12_cbt_exercise_004,cbt_eating_disorder_recovery,body_avoidance,cbt_exercise,medium,deny,allow,allow,upgrade_prompt,explicit_cbt_exercise,"sexual intimacy) Self-care activities (e.g. applying sun-cream, washing face, shaving legs) Being photographed Being recorded on video Posting images of myself on social media Eati"
Eating Disorder Recovery,santum_ai_cbt_eating_disorder_recovery_vector_index_v1_EMBED_READY.json,cbt_ed_recovery_m12_cbt_exercise_006,cbt_eating_disorder_recovery,body_avoidance,cbt_exercise,medium,deny,allow,allow,upgrade_prompt,explicit_cbt_exercise,"Note: Reducing body image concerns is not about loving your body all the time, but about developing body acceptance. You might hear this described as body neutrality because it’s a"
Eating Disorder Recovery,santum_ai_cbt_eating_disorder_recovery_vector_index_v1_EMBED_READY.json,cbt_ed_recovery_m12_cbt_exercise_009,cbt_eating_disorder_recovery,graded_reengagement,cbt_exercise,medium,deny,allow,allow,upgrade_prompt,explicit_cbt_exercise,"When your gaze reaches your toes, work your way all the way back up to the top of your head, continuing to describe each part of your body non-judgementally. Congratulations on com"
Eating Disorder Recovery,santum_ai_cbt_eating_disorder_recovery_vector_index_v1_EMBED_READY.json,cbt_ed_recovery_m12_cbt_exercise_010,cbt_eating_disorder_recovery,driven_exercise,cbt_exercise,medium,deny,allow,allow,upgrade_prompt,explicit_cbt_exercise,Break Free From ED Other Exposure Experiments There are lots of ways you can experiment with approaching situations you avoid due to your body image concerns. Take a look at the ta
Eating Disorder Recovery,santum_ai_cbt_eating_disorder_recovery_vector_index_v1_EMBED_READY.json,cbt_ed_recovery_m12_cbt_exercise_013,cbt_eating_disorder_recovery,driven_exercise,cbt_exercise,medium,deny,allow,allow,upgrade_prompt,explicit_cbt_exercise,"Y/N Weekly weighing Completing self-monitoring daily, and in real-time Eating regularly Eating adequately Feared food experiments, exercise experiment Checking UP/DOWN experiment F"
Eating Disorder Recovery,santum_ai_cbt_eating_disorder_recovery_vector_index_v1_EMBED_READY.json,cbt_ed_recovery_m13_cbt_exercise_010,cbt_eating_disorder_recovery,core_beliefs,cbt_exercise,medium,deny,allow,allow,upgrade_prompt,explicit_cbt_exercise,"Write down at least one piece of evidence each day until you have 10 or more items on your list. • Develop a balanced, core belief. Tips for collecting evidence: • Be as specific a"
Eating Disorder Recovery,santum_ai_cbt_eating_disorder_recovery_vector_index_v1_EMBED_READY.json,cbt_ed_recovery_m13_cbt_exercise_017,cbt_eating_disorder_recovery,core_beliefs,cbt_exercise,medium,deny,allow,allow,upgrade_prompt,explicit_cbt_exercise,"Think about what you could do to collect more evidence for your new core beliefs. Ask yourself, “what new behaviours will I need to try out? How will I be behaving differently to b"
Eating Disorder Recovery,santum_ai_cbt_eating_disorder_recovery_vector_index_v1_EMBED_READY.json,cbt_ed_recovery_m13_cbt_exercise_019,cbt_eating_disorder_recovery,core_beliefs,cbt_exercise,medium,deny,allow,allow,upgrade_prompt,explicit_cbt_exercise,"and the world we live in. • Core beliefs develop over time, usually from childhood and through the experience of significant life events or particular life circumstances (e.g., bod"
Eating Disorder Recovery,santum_ai_cbt_eating_disorder_recovery_vector_index_v1_EMBED_READY.json,cbt_ed_recovery_m14_cbt_exercise_002,cbt_eating_disorder_recovery,setbacks,cbt_exercise,medium,deny,allow,allow,upgrade_prompt,explicit_cbt_exercise,The most important thing for you to do now is to continue to practice and apply the strategies you have learned until they become more like habits that have been integrated into yo
Eating Disorder Recovery,santum_ai_cbt_eating_disorder_recovery_vector_index_v1_EMBED_READY.json,cbt_ed_recovery_m14_cbt_exercise_003,cbt_eating_disorder_recovery,purging_risk,cbt_exercise,medium,deny,allow,allow,upgrade_prompt,explicit_cbt_exercise,"In Module 4, you learnt how to review your eating in real time, so you could really understand what is happening with your eating patterns, develop awareness of what you’re thinkin"
Eating Disorder Recovery,santum_ai_cbt_eating_disorder_recovery_vector_index_v1_EMBED_READY.json,cbt_ed_recovery_m14_cbt_exercise_005,cbt_eating_disorder_recovery,binge_eating_cycle,cbt_exercise,medium,deny,allow,allow,upgrade_prompt,explicit_cbt_exercise,"If you notice any setbacks, come back to your eating and check in if it is regular, adequate, varied, and including previously feared foods. Break Free From ED Urge Surfing Modules"
Eating Disorder Recovery,santum_ai_cbt_eating_disorder_recovery_vector_index_v1_EMBED_READY.json,cbt_ed_recovery_m14_cbt_exercise_006,cbt_eating_disorder_recovery,body_checking,cbt_exercise,medium,deny,allow,allow,upgrade_prompt,explicit_cbt_exercise,"Behavioural Experiments Behavioural experiments are a key strategy that can test out the accuracy of all kinds of beliefs and predictions you may hold. By now, you’ve used behaviou"
Eating Disorder Recovery,santum_ai_cbt_eating_disorder_recovery_vector_index_v1_EMBED_READY.json,cbt_ed_recovery_m14_cbt_exercise_007,cbt_eating_disorder_recovery,body_checking,cbt_exercise,medium,deny,allow,allow,upgrade_prompt,explicit_cbt_exercise,"This means that you need to continue to expose yourself to these foods and situations, otherwise that anxiety will resurface. Identifying and challenging unhelpful beliefs Negative"
Eating Disorder Recovery,santum_ai_cbt_eating_disorder_recovery_vector_index_v1_EMBED_READY.json,cbt_ed_recovery_m14_cbt_exercise_012,cbt_eating_disorder_recovery,professional_support,cbt_exercise,medium,deny,allow,allow,upgrade_prompt,explicit_cbt_exercise,"What specific actions can I take? • I worked really hard to eat more regularly and • Review summary of skills when I did, I felt better • Review modules • If I spend too much time "
Eating Disorder Recovery,santum_ai_cbt_eating_disorder_recovery_vector_index_v1_EMBED_READY.json,cbt_ed_recovery_m15_cbt_exercise_002,cbt_eating_disorder_recovery,driven_exercise,cbt_exercise,medium,deny,allow,allow,upgrade_prompt,explicit_cbt_exercise,"Approximately 9% of the Australian population suffer from an Individuals also often experience a distorted view of their eating disorder according to the NEDC. Eating body, believi"
Eating Disorder Recovery,santum_ai_cbt_eating_disorder_recovery_vector_index_v1_EMBED_READY.json,cbt_ed_recovery_m15_cbt_exercise_016,cbt_eating_disorder_recovery,meal_support,cbt_exercise,medium,deny,allow,allow,upgrade_prompt,explicit_cbt_exercise,"FBT places parents at the large) amount of food, in order to reverse the state of centre of the young person’s recovery by charging starvation. them with the task of “renourishing "
Eating Disorder Recovery,santum_ai_cbt_eating_disorder_recovery_vector_index_v1_EMBED_READY.json,cbt_ed_recovery_m15_cbt_exercise_017,cbt_eating_disorder_recovery,driven_exercise,cbt_exercise,medium,deny,allow,allow,upgrade_prompt,explicit_cbt_exercise,Sibling relationships have often Evidence has accumulated for 30 years that the most been disrupted by the illness and require some repair. effective treatment for adolescents is F
Eating Disorder Recovery,santum_ai_cbt_eating_disorder_recovery_vector_index_v1_EMBED_READY.json,cbt_ed_recovery_m15_cbt_exercise_021,cbt_eating_disorder_recovery,driven_exercise,cbt_exercise,medium,deny,allow,allow,upgrade_prompt,explicit_cbt_exercise,"Due to the physical impact of young people often reflect in retrospect that they starvation on the brain, the young person is not able feel grateful their parents were able to figh"
Eating Disorder Recovery,santum_ai_cbt_eating_disorder_recovery_vector_index_v1_EMBED_READY.json,cbt_ed_recovery_m15_cbt_exercise_023,cbt_eating_disorder_recovery,recovery_resources,cbt_exercise,medium,deny,allow,allow,upgrade_prompt,explicit_cbt_exercise,"Many of the symptoms once thought to be primary symptoms of Changes in Thinking eating disorders are actually symptoms of starvation.  Impaired concentration, judgement and decis"
Eating Disorder Recovery,santum_ai_cbt_eating_disorder_recovery_vector_index_v1_EMBED_READY.json,cbt_ed_recovery_m15_cbt_exercise_025,cbt_eating_disorder_recovery,reducing_scale_focus,cbt_exercise,medium,deny,allow,allow,upgrade_prompt,explicit_cbt_exercise,"Symptoms of starvation syndrome are observed in any individual who has prolonged restricted access to Physical Changes food, no matter what the reason (e.g., prisoners of  Heart "
Eating Disorder Recovery,santum_ai_cbt_eating_disorder_recovery_vector_index_v1_EMBED_READY.json,cbt_ed_recovery_m15_cbt_exercise_028,cbt_eating_disorder_recovery,professional_support,cbt_exercise,medium,deny,allow,allow,upgrade_prompt,explicit_cbt_exercise,These processes are essential for a person to eating disorder recovery focuses on physical re- engage in psychological treatment for their eating nourishment as well as psychologic
Eating Disorder Recovery,santum_ai_cbt_eating_disorder_recovery_vector_index_v1_EMBED_READY.json,cbt_ed_recovery_m15_cbt_exercise_033,cbt_eating_disorder_recovery,driven_exercise,cbt_exercise,medium,deny,allow,allow,upgrade_prompt,explicit_cbt_exercise,"No amount of psychological treatment will remove your food obsessions unless weight is Consider a person who typically eats a balanced diet regained to a healthy, normal range for "
Eating Disorder Recovery,santum_ai_cbt_eating_disorder_recovery_vector_index_v1_EMBED_READY.json,cbt_ed_recovery_m15_cbt_exercise_034,cbt_eating_disorder_recovery,reducing_scale_focus,cbt_exercise,medium,deny,allow,allow,upgrade_prompt,explicit_cbt_exercise,"Conversely, a person’s of the idea that ‘it is what it is’. The most important weight may temporarily fluctuate down if goal is body acceptance. You cannot change your they become "
Eating Disorder Recovery,santum_ai_cbt_eating_disorder_recovery_vector_index_v1_EMBED_READY.json,cbt_ed_recovery_worksheet_002,cbt_eating_disorder_recovery,urge_support_plan,worksheet_instruction,medium,deny,allow,allow,upgrade_prompt,explicit_worksheet_instruction,"An urge support plan helps the user respond when eating disorder urges become strong. Record the trigger, the urge, the emotion underneath it, and one safe recovery-supporting acti"
Eating Disorder Recovery,santum_ai_cbt_eating_disorder_recovery_vector_index_v1_EMBED_READY.json,cbt_ed_recovery_worksheet_003,cbt_eating_disorder_recovery,body_checking_reduction,worksheet_instruction,medium,deny,allow,allow,upgrade_prompt,explicit_worksheet_instruction,"A body checking reduction worksheet tracks checking behaviours such as repeated mirror use, comparing, measuring, or scanning perceived flaws. Record the trigger, checking behaviou"
Eating Disorder Recovery,santum_ai_cbt_eating_disorder_recovery_vector_index_v1_EMBED_READY.json,cbt_ed_recovery_worksheet_004,cbt_eating_disorder_recovery,values_beyond_body,worksheet_instruction,medium,deny,allow,allow,upgrade_prompt,explicit_worksheet_instruction,"A values-beyond-body worksheet helps widen self-worth beyond shape, weight, or food control. List values, relationships, strengths, responsibilities, interests, and qualities that "
Eating Disorder Recovery,santum_ai_cbt_eating_disorder_recovery_vector_index_v1_EMBED_READY.json,cbt_ed_recovery_worksheet_005,cbt_eating_disorder_recovery,relapse_prevention,worksheet_instruction,medium,deny,allow,allow,upgrade_prompt,explicit_worksheet_instruction,"A recovery relapse-prevention worksheet identifies early warning signs, such as increased secrecy, checking, avoidance, rigid rules, urges, or withdrawal from support. List safe re"
Generalised Anxiety / What Me Worry,santum_ai_cbt_gad_vector_index_v1_EMBED_READY.json,cbt_gad_m01_cbt_exercise_006,cbt_gad,worry_uncontrollability_beliefs,cbt_exercise,low,deny,allow,allow,upgrade_prompt,explicit_cbt_exercise,"Understanding Generalised Anxiety While worrying and feeling nervous is something that all human beings experience, as with many things in life, too much of something may not be go"
Generalised Anxiety / What Me Worry,santum_ai_cbt_gad_vector_index_v1_EMBED_READY.json,cbt_gad_m01_cbt_exercise_017,cbt_gad,generalised_anxiety,cbt_exercise,low,deny,allow,allow,upgrade_prompt,explicit_cbt_exercise,"Working with Worry and Rumination: A Metacognitive Group Treatment Programme for Repetitive Negative Thinking. Perth, Western Australia: Centre for Clinical Interventions. BACKGROU"
Generalised Anxiety / What Me Worry,santum_ai_cbt_gad_vector_index_v1_EMBED_READY.json,cbt_gad_m02_cbt_exercise_026,cbt_gad,unproductive_worry,cbt_exercise,low,deny,allow,allow,upgrade_prompt,explicit_cbt_exercise,About The Modules CONTRIBUTORS Dr Lisa Saulsman (MPsych1; PhD2) Dr Helen Correia (MApp Psych1; PhD2) Centre for Clinical Interventions Centre for Clinical Interventions Paula Natha
Generalised Anxiety / What Me Worry,santum_ai_cbt_gad_vector_index_v1_EMBED_READY.json,cbt_gad_m03_cbt_exercise_003,cbt_gad,worry_uncontrollability_beliefs,cbt_exercise,low,deny,allow,allow,upgrade_prompt,explicit_cbt_exercise,"Chances are, you can move on quickly from this module to the next. How much do you believe that your worrying is uncontrollable? (Circle the percentage that best describes the stre"
Generalised Anxiety / What Me Worry,santum_ai_cbt_gad_vector_index_v1_EMBED_READY.json,cbt_gad_m03_cbt_exercise_010,cbt_gad,worry_uncontrollability_beliefs,cbt_exercise,low,deny,allow,allow,upgrade_prompt,explicit_cbt_exercise,"Most importantly postponing allows us to experiment with our worrying to see if it really is uncontrollable. After all, if we can interrupt and postpone our worries until later, th"
Generalised Anxiety / What Me Worry,santum_ai_cbt_gad_vector_index_v1_EMBED_READY.json,cbt_gad_m03_cbt_exercise_014,cbt_gad,worry_control,cbt_exercise,low,deny,allow,allow,upgrade_prompt,explicit_cbt_exercise,"etc – you will find out more about this in Module 8) - If the issue is not something you can take action with or think about differently, either think about it on paper, or use you"
Generalised Anxiety / What Me Worry,santum_ai_cbt_gad_vector_index_v1_EMBED_READY.json,cbt_gad_m03_cbt_exercise_015,cbt_gad,metacognitive_beliefs,cbt_exercise,low,deny,allow,allow,upgrade_prompt,explicit_cbt_exercise,The following are the most common ways that postponement is not done properly. Watch out for these so that they don’t contaminate your experiment. Make sure the things you say to y
Generalised Anxiety / What Me Worry,santum_ai_cbt_gad_vector_index_v1_EMBED_READY.json,cbt_gad_m03_cbt_exercise_018,cbt_gad,worry_control,cbt_exercise,low,deny,allow,allow,upgrade_prompt,explicit_cbt_exercise,"After that, rate how confident you are of your ability to postpone your worrying (between 0 and 10). Now just give the experiment a go and see what happens. For each of the next 7 "
Generalised Anxiety / What Me Worry,santum_ai_cbt_gad_vector_index_v1_EMBED_READY.json,cbt_gad_m03_cbt_exercise_019,cbt_gad,worry_uncontrollability_beliefs,cbt_exercise,low,deny,allow,allow,upgrade_prompt,explicit_cbt_exercise,"Also, people often find that when they come to their thinking time they don’t feel the need to worry, because most of their worries no longer seem that important. This begs the que"
Generalised Anxiety / What Me Worry,santum_ai_cbt_gad_vector_index_v1_EMBED_READY.json,cbt_gad_m03_cbt_exercise_020,cbt_gad,worry_uncontrollability_beliefs,cbt_exercise,low,deny,allow,allow,upgrade_prompt,explicit_cbt_exercise,"But unless another experiment gets in the way of you postponing your worrying, treat this technique as your new way of dealing with worrying generally, and use it for as long as wo"
Generalised Anxiety / What Me Worry,santum_ai_cbt_gad_vector_index_v1_EMBED_READY.json,cbt_gad_m03_cbt_exercise_023,cbt_gad,worry_uncontrollability_beliefs,cbt_exercise,low,deny,allow,allow,upgrade_prompt,explicit_cbt_exercise, Challenge them – look at the evidence for and against the beliefs  Experiment with them – set up a postpone worrying experiment to see if worrying really is uncontrollable • In 
Generalised Anxiety / What Me Worry,santum_ai_cbt_gad_vector_index_v1_EMBED_READY.json,cbt_gad_m04_cbt_exercise_002,cbt_gad,attention_training,cbt_exercise,low,deny,allow,allow,upgrade_prompt,explicit_cbt_exercise,"Worriers will often say that because of this, they miss out on what is happening in life here and now. If once you started worrying, you could be aware this was happening and bring"
Generalised Anxiety / What Me Worry,santum_ai_cbt_gad_vector_index_v1_EMBED_READY.json,cbt_gad_m04_cbt_exercise_003,cbt_gad,attention_training,cbt_exercise,low,deny,allow,allow,upgrade_prompt,explicit_cbt_exercise,"Exercising Your Attention Unfortunately, our worrisome thoughts are often about things that are important to us, so they sometimes grab our attention and can be hard to let go of. "
Generalised Anxiety / What Me Worry,santum_ai_cbt_gad_vector_index_v1_EMBED_READY.json,cbt_gad_m04_cbt_exercise_006,cbt_gad,attention_training,cbt_exercise,low,deny,allow,allow,upgrade_prompt,explicit_cbt_exercise,"Pick one of these tasks for your first attention workout, and record the task and when and where you will do it on the My Attention Workout Worksheet. Now, start the task without i"
Generalised Anxiety / What Me Worry,santum_ai_cbt_gad_vector_index_v1_EMBED_READY.json,cbt_gad_m04_cbt_exercise_007,cbt_gad,attention_training,cbt_exercise,low,deny,allow,allow,upgrade_prompt,explicit_cbt_exercise,Are there areas of your body with more or less contact with the task? • Sight: What do you notice about the task? How does the task appear? What about the light… the shadows… the c
Generalised Anxiety / What Me Worry,santum_ai_cbt_gad_vector_index_v1_EMBED_READY.json,cbt_gad_m04_cbt_exercise_011,cbt_gad,attention_shifting,cbt_exercise,low,deny,allow,allow,upgrade_prompt,explicit_cbt_exercise,"You can practice being mindful of your breathing, noticing any time your mind wanders away from the breath, catching its wandering, and redirecting it back to the breath as your an"
Generalised Anxiety / What Me Worry,santum_ai_cbt_gad_vector_index_v1_EMBED_READY.json,cbt_gad_m04_cbt_exercise_013,cbt_gad,attention_training,cbt_exercise,low,deny,allow,allow,upgrade_prompt,explicit_cbt_exercise,"If there are any strong feelings around, maybe saying to yourself “whatever it is, it is OK, just let me feel it.” Allowing yourself to breathe with these feelings, and if your min"
Generalised Anxiety / What Me Worry,santum_ai_cbt_gad_vector_index_v1_EMBED_READY.json,cbt_gad_m04_cbt_exercise_016,cbt_gad,attention_training,cbt_exercise,low,deny,allow,allow,upgrade_prompt,explicit_cbt_exercise,"Over time doing these exercises will: • increase your awareness of where your attention is at any moment, so you can recognise when it is getting locked on negative thinking; • hel"
Generalised Anxiety / What Me Worry,santum_ai_cbt_gad_vector_index_v1_EMBED_READY.json,cbt_gad_m04_cbt_exercise_017,cbt_gad,attention_training,cbt_exercise,low,deny,allow,allow,upgrade_prompt,explicit_cbt_exercise,"When you try to maintain your attention on the present moment you will notice that your mind will wander. You might start to think about the future, the past, or something else tha"
Generalised Anxiety / What Me Worry,santum_ai_cbt_gad_vector_index_v1_EMBED_READY.json,cbt_gad_m05_cbt_exercise_005,cbt_gad,worry_danger_beliefs,cbt_exercise,low,deny,allow,allow,upgrade_prompt,explicit_cbt_exercise,"Remember, you are a detective examining the evidence for and against your belief. An example is given below of how to use these questions to challenge your belief, and on you will "
Generalised Anxiety / What Me Worry,santum_ai_cbt_gad_vector_index_v1_EMBED_READY.json,cbt_gad_m05_cbt_exercise_006,cbt_gad,worry_danger_beliefs,cbt_exercise,low,deny,allow,allow,upgrade_prompt,explicit_cbt_exercise,What specific physical or mental harm has resulted over this time?  During a worry episode have you ever become ill or gone crazy?  Are there other explanations or greater risk f
Generalised Anxiety / What Me Worry,santum_ai_cbt_gad_vector_index_v1_EMBED_READY.json,cbt_gad_m05_cbt_exercise_008,cbt_gad,worry_danger_beliefs,cbt_exercise,low,deny,allow,allow,upgrade_prompt,explicit_cbt_exercise,"It has never actually happened, it is just that it feels so bad lives. While it doesn’t feel great, these people at the time, so I assume something bad will happen. Just don’t all "
Generalised Anxiety / What Me Worry,santum_ai_cbt_gad_vector_index_v1_EMBED_READY.json,cbt_gad_m05_cbt_exercise_014,cbt_gad,worry_danger_beliefs,cbt_exercise,low,deny,allow,allow,upgrade_prompt,explicit_cbt_exercise,"With the wealth of information readily available to us via the media and internet search engines, it is important for us to remain smart consumers of the information we receive. Un"
Generalised Anxiety / What Me Worry,santum_ai_cbt_gad_vector_index_v1_EMBED_READY.json,cbt_gad_m05_cbt_exercise_016,cbt_gad,worry_danger_beliefs,cbt_exercise,low,deny,allow,allow,upgrade_prompt,explicit_cbt_exercise,"That is, you will most likely • filter in web pages that do talk about there being links between worry and heart attacks, and • filter out any that do not talk about or debunk such"
Generalised Anxiety / What Me Worry,santum_ai_cbt_gad_vector_index_v1_EMBED_READY.json,cbt_gad_m06_cbt_exercise_003,cbt_gad,positive_beliefs_about_worry,cbt_exercise,low,deny,allow,allow,upgrade_prompt,explicit_cbt_exercise,How much do you believe worrying is helpful? (Circle the percentage that best describes the strength of your belief) 0% 10% 20% 30% 40% 50% 60% 70% 80% 90% 100% Through the work yo
Generalised Anxiety / What Me Worry,santum_ai_cbt_gad_vector_index_v1_EMBED_READY.json,cbt_gad_m06_cbt_exercise_005,cbt_gad,problem_solving,cbt_exercise,low,deny,allow,allow,upgrade_prompt,explicit_cbt_exercise,"An example is given below of how to use these questions to challenge your beliefs, and on you will find a worksheet to help you do this for yourself. Evidence For What makes you th"
Generalised Anxiety / What Me Worry,santum_ai_cbt_gad_vector_index_v1_EMBED_READY.json,cbt_gad_m06_cbt_exercise_009,cbt_gad,worry_as_helpful,cbt_exercise,low,deny,allow,allow,upgrade_prompt,explicit_cbt_exercise,"Chances are, what you predicted was pretty inaccurate and did not happen in reality • You might want to do this with a few worry situations you have had • When you have finished as"
Generalised Anxiety / What Me Worry,santum_ai_cbt_gad_vector_index_v1_EMBED_READY.json,cbt_gad_m06_cbt_exercise_011,cbt_gad,worry_myths,cbt_exercise,low,deny,allow,allow,upgrade_prompt,explicit_cbt_exercise,"It should look something like this: Day 1 (Down Worry): On the first day, attempt not to worry at all or only very minimally for the whole day. You may want to use the “postponemen"
Generalised Anxiety / What Me Worry,santum_ai_cbt_gad_vector_index_v1_EMBED_READY.json,cbt_gad_m06_cbt_exercise_012,cbt_gad,positive_beliefs_about_worry,cbt_exercise,low,deny,allow,allow,upgrade_prompt,explicit_cbt_exercise,"On Day 3, turn the worry volume DOWN, and on day 4, turn the worry volume UP again, and so on. The idea is to turn the volume down on your worrying one day, and then turn the volum"
Generalised Anxiety / What Me Worry,santum_ai_cbt_gad_vector_index_v1_EMBED_READY.json,cbt_gad_m06_cbt_exercise_015,cbt_gad,worry_myths,cbt_exercise,low,deny,allow,allow,upgrade_prompt,explicit_cbt_exercise,Now that you have challenged and experimented with your beliefs that worrying is helpful: Rate again how much you believe worrying is helpful? (Circle the percentage that best desc
Generalised Anxiety / What Me Worry,santum_ai_cbt_gad_vector_index_v1_EMBED_READY.json,cbt_gad_m07_cbt_exercise_012,cbt_gad,problem_solving,cbt_exercise,low,deny,allow,allow,upgrade_prompt,explicit_cbt_exercise,"Me Tuesday If that doesn’t resolve the problem, pay gas bill and use pay Me Wednesday phone temporarily. Step 5: Implement Plan Implement your plan as specified above. Step 6: Eval"
Generalised Anxiety / What Me Worry,santum_ai_cbt_gad_vector_index_v1_EMBED_READY.json,cbt_gad_m09_cbt_exercise_007,cbt_gad,accepting_uncertainty,cbt_exercise,low,deny,allow,allow,upgrade_prompt,explicit_cbt_exercise,Accepting Uncertainty What was your answer to the last two questions in the ‘Challenging Intolerance Of Uncertainty’ worksheet? One question asked about how you tolerate uncertaint
Generalised Anxiety / What Me Worry,santum_ai_cbt_gad_vector_index_v1_EMBED_READY.json,cbt_gad_m09_cbt_exercise_008,cbt_gad,accepting_uncertainty,cbt_exercise,low,deny,allow,allow,upgrade_prompt,explicit_cbt_exercise,"Therefore, the skills you have developed from your postponement exercises in Module 3, and attention training exercises in Module 4, will be of some assistance when it comes to pra"
Generalised Anxiety / What Me Worry,santum_ai_cbt_gad_vector_index_v1_EMBED_READY.json,cbt_gad_m09_cbt_exercise_009,cbt_gad,accepting_uncertainty,cbt_exercise,low,deny,allow,allow,upgrade_prompt,explicit_cbt_exercise,"Let’s look at these steps towards acceptance of uncertainty in more detail. Below is an example, but use the worksheet on to put in your own words what would help you let go of you"
Generalised Anxiety / What Me Worry,santum_ai_cbt_gad_vector_index_v1_EMBED_READY.json,cbt_gad_m10_cbt_exercise_004,cbt_gad,accepting_uncertainty,cbt_exercise,low,deny,allow,allow,upgrade_prompt,explicit_cbt_exercise,"In Module 5 we then addressed your belief that worrying is dangerous to your mental or physical health, again examining the evidence for this as a way of challenging this belief. I"
Generalised Anxiety / What Me Worry,santum_ai_cbt_gad_vector_index_v1_EMBED_READY.json,cbt_gad_m10_cbt_exercise_009,cbt_gad,accepting_uncertainty,cbt_exercise,low,deny,allow,allow,upgrade_prompt,explicit_cbt_exercise,"Having postponed your worrisome thoughts, when thinking time comes around later on, many of your worries may no longer seem relevant or important, and if that is the case you don’t"
Generalised Anxiety / What Me Worry,santum_ai_cbt_gad_vector_index_v1_EMBED_READY.json,cbt_gad_m10_cbt_exercise_012,cbt_gad,self_management,cbt_exercise,low,deny,allow,allow,upgrade_prompt,explicit_cbt_exercise,"Overall, how distressing is your generalised anxiety? (Circle the number that best describes you) 0 1 2 3 4 5 6 7 8 9 10 Not at all Moderately Extremely Overall, how much of a prob"
Generalised Anxiety / What Me Worry,santum_ai_cbt_gad_vector_index_v1_EMBED_READY.json,cbt_gad_m10_cbt_exercise_015,cbt_gad,accepting_uncertainty,cbt_exercise,low,deny,allow,allow,upgrade_prompt,explicit_cbt_exercise,"Change is not a steady process, it's more like the old saying: “Two steps forward, one step back“ Time from time to time. Think about how you learned to ride a bike. It probably to"
Generalised Anxiety / What Me Worry,santum_ai_cbt_gad_vector_index_v1_EMBED_READY.json,cbt_gad_m10_cbt_exercise_017,cbt_gad,accepting_uncertainty,cbt_exercise,low,deny,allow,allow,upgrade_prompt,explicit_cbt_exercise,"Preventing Major Setbacks As you are progressing through your goals, try not to focus too much on small setbacks. If you are experiencing several small setbacks then there are some"
Generalised Anxiety / What Me Worry,santum_ai_cbt_gad_vector_index_v1_EMBED_READY.json,cbt_gad_m10_cbt_exercise_020,cbt_gad,self_management,cbt_exercise,low,deny,allow,allow,upgrade_prompt,explicit_cbt_exercise,Module Summary • It is important that you keep applying and practising the strategies you learned through reading the modules in the “What? Me Worry!?!” information package • Consi
Generalised Anxiety / What Me Worry,santum_ai_cbt_gad_vector_index_v1_EMBED_READY.json,cbt_gad_worksheet_001,cbt_gad,worry_classification,worksheet_instruction,low,deny,allow,allow,upgrade_prompt,explicit_worksheet_instruction,"A worry classification worksheet helps separate practical worries from hypothetical worries. Record the worry, what triggered it, and whether there is a real problem that can be ac"
Generalised Anxiety / What Me Worry,santum_ai_cbt_gad_vector_index_v1_EMBED_READY.json,cbt_gad_worksheet_002,cbt_gad,worry_belief_challenge,worksheet_instruction,low,deny,allow,allow,upgrade_prompt,explicit_worksheet_instruction,"A worry belief challenge helps the user test beliefs such as 'worry is uncontrollable,' 'worry is dangerous,' or 'worry keeps me safe.' Write the belief, how strongly it feels true"
Generalised Anxiety / What Me Worry,santum_ai_cbt_gad_vector_index_v1_EMBED_READY.json,cbt_gad_worksheet_003,cbt_gad,attention_training_practice,worksheet_instruction,low,deny,allow,allow,upgrade_prompt,explicit_worksheet_instruction,"An attention training practice worksheet helps the user shift from worry-focused attention to flexible attention. Record when worry pulls attention inward, then choose an external "
Generalised Anxiety / What Me Worry,santum_ai_cbt_gad_vector_index_v1_EMBED_READY.json,cbt_gad_worksheet_004,cbt_gad,problem_solving_plan,worksheet_instruction,low,deny,allow,allow,upgrade_prompt,explicit_worksheet_instruction,"A problem-solving plan helps turn practical worry into action. Define the problem clearly, brainstorm possible solutions, choose one realistic option, plan the first step, and revi"
Generalised Anxiety / What Me Worry,santum_ai_cbt_gad_vector_index_v1_EMBED_READY.json,cbt_gad_worksheet_005,cbt_gad,uncertainty_experiment,worksheet_instruction,low,deny,allow,allow,upgrade_prompt,explicit_worksheet_instruction,"An uncertainty experiment helps the user practise living with not knowing. Choose a small situation where the user normally seeks certainty, checks, asks for reassurance, or overpr"
Social Anxiety,santum_ai_cbt_social_anxiety_vector_index_v1_EMBED_READY.json,cbt_social_anxiety_m01_cbt_exercise_002,cbt_social_anxiety,symptoms,cbt_exercise,low,deny,allow,allow,upgrade_prompt,explicit_cbt_exercise,"If so, you may find it helpful to work through this workbook, either on your own or with the support of a clinician. The modules cover a set of strategies that research has shown t"
Social Anxiety,santum_ai_cbt_social_anxiety_vector_index_v1_EMBED_READY.json,cbt_social_anxiety_m01_cbt_exercise_009,cbt_social_anxiety,attention_training,cbt_exercise,low,deny,allow,allow,upgrade_prompt,explicit_cbt_exercise,This usually results in physical symptoms such as: • Trembling or shaking • Sweating • Blushing • Hyperventilation • Pounding heart • Difficulty concentrating • ‘Going blank’ • Urg
Social Anxiety,santum_ai_cbt_social_anxiety_vector_index_v1_EMBED_READY.json,cbt_social_anxiety_m01_cbt_exercise_012,cbt_social_anxiety,avoidance,cbt_exercise,low,deny,allow,allow,upgrade_prompt,explicit_cbt_exercise,"They may be vague or fuzzy, or they might be as clear as if you were watching a movie. Take a moment to write down some of the negative thoughts and images you have that make you f"
Social Anxiety,santum_ai_cbt_social_anxiety_vector_index_v1_EMBED_READY.json,cbt_social_anxiety_m01_cbt_exercise_017,cbt_social_anxiety,core_beliefs,cbt_exercise,low,deny,allow,allow,upgrade_prompt,explicit_cbt_exercise,"Most people with social anxiety think that they are performing very badly and that their anxiety is blatantly obvious to other people. For example, we may believe we are blushing b"
Social Anxiety,santum_ai_cbt_social_anxiety_vector_index_v1_EMBED_READY.json,cbt_social_anxiety_m01_cbt_exercise_022,cbt_social_anxiety,avoidance,cbt_exercise,low,deny,allow,allow,upgrade_prompt,explicit_cbt_exercise,The cost refers to how bad we believe it will be if our fears do come true. • People with social anxiety disorder feel more socially anxious than others because they tend to overes
Social Anxiety,santum_ai_cbt_social_anxiety_vector_index_v1_EMBED_READY.json,cbt_social_anxiety_m02_cbt_exercise_004,cbt_social_anxiety,negative_thinking,cbt_exercise,low,deny,allow,allow,upgrade_prompt,explicit_cbt_exercise,"Sometimes our thoughts about a situation will be accurate, sometimes they will be partially accurate, and sometimes they will not be true at all. Therefore, there will be times whe"
Social Anxiety,santum_ai_cbt_social_anxiety_vector_index_v1_EMBED_READY.json,cbt_social_anxiety_m02_cbt_exercise_005,cbt_social_anxiety,avoidance,cbt_exercise,low,deny,allow,allow,upgrade_prompt,explicit_cbt_exercise,"Stepping Out of Social Anxiety Next we will discuss how to recognise when you are overestimating the threat in a social situation, and to view the situation in a more accurate and "
Social Anxiety,santum_ai_cbt_social_anxiety_vector_index_v1_EMBED_READY.json,cbt_social_anxiety_m02_cbt_exercise_006,cbt_social_anxiety,negative_thinking,cbt_exercise,low,deny,allow,allow,upgrade_prompt,explicit_cbt_exercise,"Take the metaphor of boxing with a blindfold on – it is pretty hard to do when you can’t see your opponent. If you take off the blindfold your opponent may look scary, but you are "
Social Anxiety,santum_ai_cbt_social_anxiety_vector_index_v1_EMBED_READY.json,cbt_social_anxiety_m02_cbt_exercise_008,cbt_social_anxiety,avoidance,cbt_exercise,low,deny,allow,allow,upgrade_prompt,explicit_cbt_exercise,"On the other hand, if I were to bring to mind a mental image of what I feared happening, it might include details like “I see myself shaking, stuttering, turning bright red, having"
Social Anxiety,santum_ai_cbt_social_anxiety_vector_index_v1_EMBED_READY.json,cbt_social_anxiety_m02_cbt_exercise_011,cbt_social_anxiety,negative_self_imagery,cbt_exercise,low,deny,allow,allow,upgrade_prompt,explicit_cbt_exercise,"What would be a more helpful way to think? • If the roles were reversed, how might I judge the situation/other person? Realistic Probability and Consequences: Given the contrary ev"
Social Anxiety,santum_ai_cbt_social_anxiety_vector_index_v1_EMBED_READY.json,cbt_social_anxiety_m02_cbt_exercise_012,cbt_social_anxiety,negative_thinking,cbt_exercise,low,deny,allow,allow,upgrade_prompt,explicit_cbt_exercise,"Also, there will probably be a range of negative thoughts in different social situations that contribute to your social anxiety, and which could all potentially benefit from some t"
Social Anxiety,santum_ai_cbt_social_anxiety_vector_index_v1_EMBED_READY.json,cbt_social_anxiety_m02_cbt_exercise_013,cbt_social_anxiety,negative_self_imagery,cbt_exercise,low,deny,allow,allow,upgrade_prompt,explicit_cbt_exercise,Challenging your negative predictions about could help you to become more willing to enter these situations in the future as you progress through these modules. Stepping Out of Soc
Social Anxiety,santum_ai_cbt_social_anxiety_vector_index_v1_EMBED_READY.json,cbt_social_anxiety_m02_cbt_exercise_015,cbt_social_anxiety,negative_thinking,cbt_exercise,low,deny,allow,allow,upgrade_prompt,explicit_cbt_exercise,They will Sometimes people do make small spoken to. deliberately ignore talk with me. One person asks me a question. me. It is possible (30%) that someone will I focus on eating my
Social Anxiety,santum_ai_cbt_social_anxiety_vector_index_v1_EMBED_READY.json,cbt_social_anxiety_m02_cbt_exercise_016,cbt_social_anxiety,negative_self_imagery,cbt_exercise,low,deny,allow,allow,upgrade_prompt,explicit_cbt_exercise,My colleagues are unlikely to ignore me in a rude or critical way. Stepping Out of Social Anxiety Thought Challenging Record 1. Re-rate Situation Thoughts Level Consequences Anxiet
Social Anxiety,santum_ai_cbt_social_anxiety_vector_index_v1_EMBED_READY.json,cbt_social_anxiety_m02_cbt_exercise_017,cbt_social_anxiety,avoidance,cbt_exercise,low,deny,allow,allow,upgrade_prompt,explicit_cbt_exercise,This means that everyone sometimes has feelings that are based on an inaccurate view of a situation. • People with social anxiety often have thoughts about social situations that a
Social Anxiety,santum_ai_cbt_social_anxiety_vector_index_v1_EMBED_READY.json,cbt_social_anxiety_m02_cbt_exercise_018,cbt_social_anxiety,negative_self_imagery,cbt_exercise,low,deny,allow,allow,upgrade_prompt,explicit_cbt_exercise,We will introduce a strategy to help you start testing your fears through approaching the situations you are anxious about. Stepping Out of Social Anxiety About the Modules CONTRIB
Social Anxiety,santum_ai_cbt_social_anxiety_vector_index_v1_EMBED_READY.json,cbt_social_anxiety_m03_cbt_exercise_003,cbt_social_anxiety,avoidance,cbt_exercise,low,deny,allow,allow,upgrade_prompt,explicit_cbt_exercise,Some typical situations that people with social anxiety avoid include: • unfamiliar people • large groups of people • attending appointments • phone calls • answering emails • publ
Social Anxiety,santum_ai_cbt_social_anxiety_vector_index_v1_EMBED_READY.json,cbt_social_anxiety_m03_cbt_exercise_004,cbt_social_anxiety,avoidance,cbt_exercise,low,deny,allow,allow,upgrade_prompt,explicit_cbt_exercise,"We might also find that even if social experiences don’t go to plan sometimes, then we can cope with this as well. So avoidance prevents us from getting an accurate impression of t"
Social Anxiety,santum_ai_cbt_social_anxiety_vector_index_v1_EMBED_READY.json,cbt_social_anxiety_m03_cbt_exercise_005,cbt_social_anxiety,avoidance,cbt_exercise,low,deny,allow,allow,upgrade_prompt,explicit_cbt_exercise,"Avoidance and anxiety can spread. As we avoid situations and lose confidence in an area of our lives (e.g., relationships with peers), our anxiety can start to spread out to more a"
Social Anxiety,santum_ai_cbt_social_anxiety_vector_index_v1_EMBED_READY.json,cbt_social_anxiety_m03_cbt_exercise_006,cbt_social_anxiety,behavioural_experiments,cbt_exercise,low,deny,allow,allow,upgrade_prompt,explicit_cbt_exercise,"In the short-term this might increase our anxiety, but it gives us the opportunity to test our fears and build confidence in our own coping skills, which helps to reduce our anxiet"
Social Anxiety,santum_ai_cbt_social_anxiety_vector_index_v1_EMBED_READY.json,cbt_social_anxiety_m03_cbt_exercise_007,cbt_social_anxiety,negative_thinking,cbt_exercise,low,deny,allow,allow,upgrade_prompt,explicit_cbt_exercise,"We might spend the whole time we are in the social situation focused on just getting through it, or selectively focusing on negative details, and might not notice the information w"
Social Anxiety,santum_ai_cbt_social_anxiety_vector_index_v1_EMBED_READY.json,cbt_social_anxiety_m03_cbt_exercise_008,cbt_social_anxiety,negative_self_imagery,cbt_exercise,low,deny,allow,allow,upgrade_prompt,explicit_cbt_exercise,Negative thoughts: Identify a social situation that triggers anxiety for you and write down what you think will happen in the social situation. Tip: Using imagery can help you iden
Social Anxiety,santum_ai_cbt_social_anxiety_vector_index_v1_EMBED_READY.json,cbt_social_anxiety_m03_cbt_exercise_009,cbt_social_anxiety,negative_thinking,cbt_exercise,low,deny,allow,allow,upgrade_prompt,explicit_cbt_exercise,"Evidence to observe: What evidence would you need to look for to check the accuracy of your thoughts? An important note is that this evidence must be clear, observable, and objecti"
Social Anxiety,santum_ai_cbt_social_anxiety_vector_index_v1_EMBED_READY.json,cbt_social_anxiety_m03_cbt_exercise_011,cbt_social_anxiety,negative_self_imagery,cbt_exercise,low,deny,allow,allow,upgrade_prompt,explicit_cbt_exercise,"She also worries that the people in line behind her will make negative judgements about her purchases, and that they will think she is lazy for buying microwave meals. Her anxiety "
Social Anxiety,santum_ai_cbt_social_anxiety_vector_index_v1_EMBED_READY.json,cbt_social_anxiety_m03_cbt_exercise_012,cbt_social_anxiety,negative_thinking,cbt_exercise,low,deny,allow,allow,upgrade_prompt,explicit_cbt_exercise,"The cashier will ask me a 8/10 Buy groceries at the Can I respond to the The cashier asked about My predictions were not accurate this basic question and I won’t shops, including s"
Social Anxiety,santum_ai_cbt_social_anxiety_vector_index_v1_EMBED_READY.json,cbt_social_anxiety_m03_cbt_exercise_013,cbt_social_anxiety,attention_training,cbt_exercise,low,deny,allow,allow,upgrade_prompt,explicit_cbt_exercise,People lined up behind Do people behind me seemed to pay much me will judge me for what pay attention to what I attention to my I was expecting the worst and it didn’t I buy. They 
Social Anxiety,santum_ai_cbt_social_anxiety_vector_index_v1_EMBED_READY.json,cbt_social_anxiety_m03_cbt_exercise_014,cbt_social_anxiety,behavioural_experiments,cbt_exercise,low,deny,allow,allow,upgrade_prompt,explicit_cbt_exercise,"Firstly, they tend to overestimate the probability or likelihood of their social fears coming true. Secondly, they tend to overestimate the ‘cost’ or how bad it would be if their s"
Social Anxiety,santum_ai_cbt_social_anxiety_vector_index_v1_EMBED_READY.json,cbt_social_anxiety_m03_cbt_exercise_017,cbt_social_anxiety,negative_self_imagery,cbt_exercise,low,deny,allow,allow,upgrade_prompt,explicit_cbt_exercise,"However, she is still worried that if she did freeze or say something stupid, the cashier would think she was weird and would laugh at her. She is still nervous this could happen o"
Social Anxiety,santum_ai_cbt_social_anxiety_vector_index_v1_EMBED_READY.json,cbt_social_anxiety_m03_cbt_exercise_018,cbt_social_anxiety,avoidance_cycle,cbt_exercise,low,deny,allow,allow,upgrade_prompt,explicit_cbt_exercise,If I freeze up or say 7/10 Talk to the cashier Are there any objective The cashier asked about my The cashier didn’t seem to care when I something stupid the when I am buying signs
Social Anxiety,santum_ai_cbt_social_anxiety_vector_index_v1_EMBED_READY.json,cbt_social_anxiety_m03_cbt_exercise_020,cbt_social_anxiety,behavioural_experiments,cbt_exercise,low,deny,allow,allow,upgrade_prompt,explicit_cbt_exercise,"Does the cashier make I am going to replay this in my mind a fun of me to the other When I had finished paying, few times to help me remember what customers (e.g., do I the cashier"
Social Anxiety,santum_ai_cbt_social_anxiety_vector_index_v1_EMBED_READY.json,cbt_social_anxiety_m03_cbt_exercise_022,cbt_social_anxiety,negative_self_imagery,cbt_exercise,low,deny,allow,allow,upgrade_prompt,explicit_cbt_exercise,Keep using the Behavioural Experiment record on to plan behavioural experiments and record what you learn. Stepping Out of Social Anxiety Behavioural experiment record Negative Tho
Social Anxiety,santum_ai_cbt_social_anxiety_vector_index_v1_EMBED_READY.json,cbt_social_anxiety_m03_cbt_exercise_023,cbt_social_anxiety,attention_training,cbt_exercise,low,deny,allow,allow,upgrade_prompt,explicit_cbt_exercise,"Fill in these columns BEFORE the experiment Fill in these columns AFTER the experiment Stepping Out of Social Anxiety Extra tips for behavioural experiments Remember, anxiety can i"
Social Anxiety,santum_ai_cbt_social_anxiety_vector_index_v1_EMBED_READY.json,cbt_social_anxiety_m03_cbt_exercise_024,cbt_social_anxiety,attention_training,cbt_exercise,low,deny,allow,allow,upgrade_prompt,explicit_cbt_exercise,"This means we might not pay attention to neutral and positive aspects of a situation, and we might misinterpret things in an overly negative way. As we can only remember the inform"
Social Anxiety,santum_ai_cbt_social_anxiety_vector_index_v1_EMBED_READY.json,cbt_social_anxiety_m03_cbt_exercise_025,cbt_social_anxiety,attention_training,cbt_exercise,low,deny,allow,allow,upgrade_prompt,explicit_cbt_exercise,If you walked down the street with your eyes looking down at the ground then you are not going to gather any information about whether other people were staring or not. In order to
Social Anxiety,santum_ai_cbt_social_anxiety_vector_index_v1_EMBED_READY.json,cbt_social_anxiety_m03_cbt_exercise_026,cbt_social_anxiety,avoidance,cbt_exercise,low,deny,allow,allow,upgrade_prompt,explicit_cbt_exercise,You would need to collect more evidence to know whether the laughter was about you or about something else (e.g. observe whether they are looking at you or looking elsewhere while 
Social Anxiety,santum_ai_cbt_social_anxiety_vector_index_v1_EMBED_READY.json,cbt_social_anxiety_m03_cbt_exercise_027,cbt_social_anxiety,attention_training,cbt_exercise,low,deny,allow,allow,upgrade_prompt,explicit_cbt_exercise,"When you conduct behavioural experiments, there are several points that are helpful to remember.  Writing down the experiment is important, as it helps to counteract biases in our"
Social Anxiety,santum_ai_cbt_social_anxiety_vector_index_v1_EMBED_READY.json,cbt_social_anxiety_m03_cbt_exercise_028,cbt_social_anxiety,negative_self_imagery,cbt_exercise,low,deny,allow,allow,upgrade_prompt,explicit_cbt_exercise,Coming Up… In the next module we will introduce ‘stepladders’ as a tool to help you plan a step by step way to approach situations you are anxious about. Taking things step-by- ste
Social Anxiety,santum_ai_cbt_social_anxiety_vector_index_v1_EMBED_READY.json,cbt_social_anxiety_m04_cbt_exercise_002,cbt_social_anxiety,avoidance,cbt_exercise,low,deny,allow,allow,upgrade_prompt,explicit_cbt_exercise,"In this module, we will introduce a way to order your behavioural experiments in a step-by-step way, so testing your fears feels more manageable. Taking it one step at a time Condu"
Social Anxiety,santum_ai_cbt_social_anxiety_vector_index_v1_EMBED_READY.json,cbt_social_anxiety_m04_cbt_exercise_003,cbt_social_anxiety,behavioural_experiments,cbt_exercise,low,deny,allow,allow,upgrade_prompt,explicit_cbt_exercise,"You can start with experiments that generate mild anxiety, progress to those that generate moderate anxiety, and then work your way up to those that generate high anxiety. One adva"
Social Anxiety,santum_ai_cbt_social_anxiety_vector_index_v1_EMBED_READY.json,cbt_social_anxiety_m04_cbt_exercise_004,cbt_social_anxiety,behavioural_experiments,cbt_exercise,low,deny,allow,allow,upgrade_prompt,explicit_cbt_exercise,Most people with social anxiety find that there is more than one area of their life they would like to change. Write down any ideas you have about areas of your life you would like
Social Anxiety,santum_ai_cbt_social_anxiety_vector_index_v1_EMBED_READY.json,cbt_social_anxiety_m04_cbt_exercise_005,cbt_social_anxiety,negative_self_imagery,cbt_exercise,low,deny,allow,allow,upgrade_prompt,explicit_cbt_exercise,Talking to colleagues at work; Being more independent (e.g. going to shops and appointments alone); meeting new people; joining a hobby group; going out on dates The area I will st
Social Anxiety,santum_ai_cbt_social_anxiety_vector_index_v1_EMBED_READY.json,cbt_social_anxiety_m04_cbt_exercise_006,cbt_social_anxiety,behavioural_experiments,cbt_exercise,low,deny,allow,allow,upgrade_prompt,explicit_cbt_exercise,"Now that you have identified the fears that you have about this situation, it is time to plan a range of experiments that will help you test your predictions (aim for up to 10 diff"
Social Anxiety,santum_ai_cbt_social_anxiety_vector_index_v1_EMBED_READY.json,cbt_social_anxiety_m04_cbt_exercise_007,cbt_social_anxiety,behavioural_experiments,cbt_exercise,low,deny,allow,allow,upgrade_prompt,explicit_cbt_exercise,These could include: o Who is there? o How many people are there? o How familiar/unfamiliar are the people? o How familiar/unfamiliar is the place? o What am I doing? o When am I d
Social Anxiety,santum_ai_cbt_social_anxiety_vector_index_v1_EMBED_READY.json,cbt_social_anxiety_m04_cbt_exercise_009,cbt_social_anxiety,avoidance,cbt_exercise,low,deny,allow,allow,upgrade_prompt,explicit_cbt_exercise,They won’t want to interact with me. When I try to talk to them they will make an excuse to leave. They will avoid me in future. ANXIETY GOAL: Join the board games group at my loca
Social Anxiety,santum_ai_cbt_social_anxiety_vector_index_v1_EMBED_READY.json,cbt_social_anxiety_m04_cbt_exercise_010,cbt_social_anxiety,behavioural_experiments,cbt_exercise,low,deny,allow,allow,upgrade_prompt,explicit_cbt_exercise,"Use the worksheet on this page to plan your stepladder. There is no right or wrong number of steps – so feel free to add more steps, or use less steps than the spaces on the worksh"
Social Anxiety,santum_ai_cbt_social_anxiety_vector_index_v1_EMBED_READY.json,cbt_social_anxiety_m04_cbt_exercise_011,cbt_social_anxiety,behavioural_experiments,cbt_exercise,low,deny,allow,allow,upgrade_prompt,explicit_cbt_exercise,By manipulating these variables you can create harder or easier steps. Stepping Out of Social Anxiety Completing a Step on your stepladder Now that you have prepared a behavioural 
Social Anxiety,santum_ai_cbt_social_anxiety_vector_index_v1_EMBED_READY.json,cbt_social_anxiety_m04_cbt_exercise_012,cbt_social_anxiety,negative_thinking,cbt_exercise,low,deny,allow,allow,upgrade_prompt,explicit_cbt_exercise,Use your skills You can use the thought challenging strategy from Module 2 to deal with any unhelpful thoughts that come up. Challenging your unhelpful thinking can help manage you
Social Anxiety,santum_ai_cbt_social_anxiety_vector_index_v1_EMBED_READY.json,cbt_social_anxiety_m04_cbt_exercise_013,cbt_social_anxiety,behavioural_experiments,cbt_exercise,low,deny,allow,allow,upgrade_prompt,explicit_cbt_exercise,"Working through your stepladder OK, so now that you have some tips on how to get through one step, how do you keep moving onwards and upwards? Here are some guidelines for how you "
Social Anxiety,santum_ai_cbt_social_anxiety_vector_index_v1_EMBED_READY.json,cbt_social_anxiety_m04_cbt_exercise_014,cbt_social_anxiety,negative_thinking,cbt_exercise,low,deny,allow,allow,upgrade_prompt,explicit_cbt_exercise,"Repeating experiments helps to build up the evidence for when you are disputing any unhelpful thoughts, and will help you feel more convinced by the evidence you are gathering. Use"
Social Anxiety,santum_ai_cbt_social_anxiety_vector_index_v1_EMBED_READY.json,cbt_social_anxiety_m04_cbt_exercise_015,cbt_social_anxiety,negative_thinking,cbt_exercise,low,deny,allow,allow,upgrade_prompt,explicit_cbt_exercise,"Setbacks We all have our good and bad days, and sometimes behavioural experiments might not go as well as you hoped. If a situation hasn’t gone as well as you hoped or you’ve taken"
Social Anxiety,santum_ai_cbt_social_anxiety_vector_index_v1_EMBED_READY.json,cbt_social_anxiety_m04_cbt_exercise_016,cbt_social_anxiety,behavioural_experiments,cbt_exercise,low,deny,allow,allow,upgrade_prompt,explicit_cbt_exercise,You might think of this as a ‘bridging step’ in the same way that some people might take a ‘bridging course’ to get them ready for the next step. You might also want to consider wh
Social Anxiety,santum_ai_cbt_social_anxiety_vector_index_v1_EMBED_READY.json,cbt_social_anxiety_m04_cbt_exercise_017,cbt_social_anxiety,behavioural_experiments,cbt_exercise,low,deny,allow,allow,upgrade_prompt,explicit_cbt_exercise,"Stepping Out of Social Anxiety Module Summary • Sometimes approaching feared situations can be overwhelming. To assist with this, you can use behavioural experiment stepladders to "
Social Anxiety,santum_ai_cbt_social_anxiety_vector_index_v1_EMBED_READY.json,cbt_social_anxiety_m04_cbt_exercise_018,cbt_social_anxiety,avoidance,cbt_exercise,low,deny,allow,allow,upgrade_prompt,explicit_cbt_exercise,"If something doesn’t go to plan, you can use your skills to manage it and get back on track. Coming Up… In the next module we will discuss safety behaviours, which are subtle avoid"
Social Anxiety,santum_ai_cbt_social_anxiety_vector_index_v1_EMBED_READY.json,cbt_social_anxiety_m05_cbt_exercise_004,cbt_social_anxiety,avoidance,cbt_exercise,low,deny,allow,allow,upgrade_prompt,explicit_cbt_exercise,"The problem with safety behaviours While safety behaviours may help you to feel safer in the short-term, unfortunately they serve to maintain social anxiety in the longer term beca"
Social Anxiety,santum_ai_cbt_social_anxiety_vector_index_v1_EMBED_READY.json,cbt_social_anxiety_m05_cbt_exercise_005,cbt_social_anxiety,safety_behaviours,cbt_exercise,low,deny,allow,allow,upgrade_prompt,explicit_cbt_exercise,After you test the prediction numerous times and find that it does not come true then the negative prediction can be seen for what it is – just a thought or image that does not ref
Social Anxiety,santum_ai_cbt_social_anxiety_vector_index_v1_EMBED_READY.json,cbt_social_anxiety_m05_cbt_exercise_012,cbt_social_anxiety,avoidance,cbt_exercise,low,deny,allow,allow,upgrade_prompt,explicit_cbt_exercise,I will also drop the immediately leaving the thought I was boring. safety behaviour of conversation after I I can keep testing my fears by avoiding eye contact. One friend said the
Social Anxiety,santum_ai_cbt_social_anxiety_vector_index_v1_EMBED_READY.json,cbt_social_anxiety_m05_cbt_exercise_013,cbt_social_anxiety,avoidance,cbt_exercise,low,deny,allow,allow,upgrade_prompt,explicit_cbt_exercise,You may need to conduct several behavioural experiments to learn what happens when you drop your safety behaviours. Negative Thoughts Anxiety Experiment Evidence to Observe Results
Social Anxiety,santum_ai_cbt_social_anxiety_vector_index_v1_EMBED_READY.json,cbt_social_anxiety_m05_cbt_exercise_015,cbt_social_anxiety,safety_behaviours,cbt_exercise,low,deny,allow,allow,upgrade_prompt,explicit_cbt_exercise,"This might increase your anxiety temporarily, but will help you overcome your anxiety in the longer term. • It is preferable to drop your safety behaviours immediately, as this wil"
Social Anxiety,santum_ai_cbt_social_anxiety_vector_index_v1_EMBED_READY.json,cbt_social_anxiety_m05_cbt_exercise_016,cbt_social_anxiety,negative_self_imagery,cbt_exercise,low,deny,allow,allow,upgrade_prompt,explicit_cbt_exercise,Stepping Out of Social Anxiety About the Modules CONTRIBUTORS Samantha Bank (MPsych1) Melissa Burgess (MPsych1) Clinical Psychologist Clinical Psychologist Dr Adelln Sng (MPsych1; 
Social Anxiety,santum_ai_cbt_social_anxiety_vector_index_v1_EMBED_READY.json,cbt_social_anxiety_m06_cbt_exercise_002,cbt_social_anxiety,attention_training,cbt_exercise,low,deny,allow,allow,upgrade_prompt,explicit_cbt_exercise,It is important to detect threat in an environment with real threat; however problems can arise when our attention is unnecessarily focused on perceived rather than real threats. A
Social Anxiety,santum_ai_cbt_social_anxiety_vector_index_v1_EMBED_READY.json,cbt_social_anxiety_m06_cbt_exercise_004,cbt_social_anxiety,attention_training,cbt_exercise,low,deny,allow,allow,upgrade_prompt,explicit_cbt_exercise,Where do you notice your attention is focused in social situations? Write down what you have noticed in the space provided below. How Do Self- and Environment-Focused Attention Mai
Social Anxiety,santum_ai_cbt_social_anxiety_vector_index_v1_EMBED_READY.json,cbt_social_anxiety_m06_cbt_exercise_008,cbt_social_anxiety,attention_training,cbt_exercise,low,deny,allow,allow,upgrade_prompt,explicit_cbt_exercise,"As such, it can be helpful to practice training our attention daily with non-social activities. It may be useful to think of your attention a bit like a muscle. We need to practice"
Social Anxiety,santum_ai_cbt_social_anxiety_vector_index_v1_EMBED_READY.json,cbt_social_anxiety_m06_cbt_exercise_011,cbt_social_anxiety,attention_training,cbt_exercise,low,deny,allow,allow,upgrade_prompt,explicit_cbt_exercise,"When you notice that your mind has wandered during attention training, be careful not to criticise yourself for this. After all, it is completely normal. Instead, think of every ‘w"
Social Anxiety,santum_ai_cbt_social_anxiety_vector_index_v1_EMBED_READY.json,cbt_social_anxiety_m06_cbt_exercise_013,cbt_social_anxiety,attention_training,cbt_exercise,low,deny,allow,allow,upgrade_prompt,explicit_cbt_exercise,"For example, we don’t want you to be focusing on your breath or the taste/smell of food when socialising, even if it makes you feel less anxious in the short-term. This will take y"
Social Anxiety,santum_ai_cbt_social_anxiety_vector_index_v1_EMBED_READY.json,cbt_social_anxiety_m06_cbt_exercise_014,cbt_social_anxiety,attention_training,cbt_exercise,low,deny,allow,allow,upgrade_prompt,explicit_cbt_exercise,"Do you notice anything changing with practice? Stepping Out of Social Anxiety Attention Focusing Once you have practiced training your attention using everyday activities, you are "
Social Anxiety,santum_ai_cbt_social_anxiety_vector_index_v1_EMBED_READY.json,cbt_social_anxiety_m06_cbt_exercise_015,cbt_social_anxiety,attention_training,cbt_exercise,low,deny,allow,allow,upgrade_prompt,explicit_cbt_exercise,"You can practice attention training with all sorts of routine daily tasks. Remember that the goal of attention training is not to maintain 100% focus on the task, but to notice whe"
Social Anxiety,santum_ai_cbt_social_anxiety_vector_index_v1_EMBED_READY.json,cbt_social_anxiety_m07_cbt_exercise_006,cbt_social_anxiety,behavioural_experiments,cbt_exercise,low,deny,allow,allow,upgrade_prompt,explicit_cbt_exercise,"Consider what it would be like to find out that in fact, many of the anxiety symptoms you imagined were obvious are actually very mild (or unnoticeable) from other people’s perspec"
Social Anxiety,santum_ai_cbt_social_anxiety_vector_index_v1_EMBED_READY.json,cbt_social_anxiety_m07_cbt_exercise_007,cbt_social_anxiety,negative_self_imagery,cbt_exercise,low,deny,allow,allow,upgrade_prompt,explicit_cbt_exercise,"Obtaining video feedback is the best way to find out once Stepping Out of Social Anxiety and for all, in a way that is convincing to you, how you actually come across when you’re f"
Social Anxiety,santum_ai_cbt_social_anxiety_vector_index_v1_EMBED_READY.json,cbt_social_anxiety_m07_cbt_exercise_008,cbt_social_anxiety,behavioural_experiments,cbt_exercise,low,deny,allow,allow,upgrade_prompt,explicit_cbt_exercise,"Most importantly, the experiment should be designed to test your specific fears regarding the observability of your anxiety. Ideas may include: • Recording yourself completing a sp"
Social Anxiety,santum_ai_cbt_social_anxiety_vector_index_v1_EMBED_READY.json,cbt_social_anxiety_m07_cbt_exercise_011,cbt_social_anxiety,negative_self_imagery,cbt_exercise,low,deny,allow,allow,upgrade_prompt,explicit_cbt_exercise,How can you keep this new information in mind? will happen? feel? disconfirm your thoughts? How can you find more opportunities to test your What negative images do you predictions
Social Anxiety,santum_ai_cbt_social_anxiety_vector_index_v1_EMBED_READY.json,cbt_social_anxiety_m07_cbt_exercise_013,cbt_social_anxiety,attention_training,cbt_exercise,low,deny,allow,allow,upgrade_prompt,explicit_cbt_exercise,10 seconds) My mind went blank I will write myself a note in my phone once but only lasted a and come back to it when I’m worried couple of seconds before about my anxiety being ob
Social Anxiety,santum_ai_cbt_social_anxiety_vector_index_v1_EMBED_READY.json,cbt_social_anxiety_m07_cbt_exercise_014,cbt_social_anxiety,behavioural_experiments,cbt_exercise,low,deny,allow,allow,upgrade_prompt,explicit_cbt_exercise,It is important that you focus on whether the video matches up with your original predictions. • Try to be as objective as possible when watching your video back. Watch your video 
Social Anxiety,santum_ai_cbt_social_anxiety_vector_index_v1_EMBED_READY.json,cbt_social_anxiety_m07_cbt_exercise_015,cbt_social_anxiety,negative_self_imagery,cbt_exercise,low,deny,allow,allow,upgrade_prompt,explicit_cbt_exercise,Stay focused on whether your initial predictions match up to what you see on the video. • You may also wish to ask a partner / friend / family member to review your video to ensure
Social Anxiety,santum_ai_cbt_social_anxiety_vector_index_v1_EMBED_READY.json,cbt_social_anxiety_m07_cbt_exercise_016,cbt_social_anxiety,avoidance,cbt_exercise,low,deny,allow,allow,upgrade_prompt,explicit_cbt_exercise,Stepping Out of Social Anxiety Module Summary • It is common for people with social anxiety to hold negative thoughts and images about how they come across to others. These images 
Social Anxiety,santum_ai_cbt_social_anxiety_vector_index_v1_EMBED_READY.json,cbt_social_anxiety_m07_cbt_exercise_017,cbt_social_anxiety,negative_self_imagery,cbt_exercise,low,deny,allow,allow,upgrade_prompt,explicit_cbt_exercise,We will show how to start identifying unhelpful core beliefs that relate to your social anxiety. We will introduce strategies to help start to change unhelpful core beliefs. Steppi
Social Anxiety,santum_ai_cbt_social_anxiety_vector_index_v1_EMBED_READY.json,cbt_social_anxiety_m08_cbt_exercise_009,cbt_social_anxiety,negative_self_imagery,cbt_exercise,low,deny,allow,allow,upgrade_prompt,explicit_cbt_exercise,"One method, which you might have used already, is to look for recurring themes that come up in your thought challenging records. You might notice that there are certain patterns to"
Social Anxiety,santum_ai_cbt_social_anxiety_vector_index_v1_EMBED_READY.json,cbt_social_anxiety_m08_cbt_exercise_010,cbt_social_anxiety,core_beliefs,cbt_exercise,low,deny,allow,allow,upgrade_prompt,explicit_cbt_exercise,"If you were not able to identify specific themes, or you are still a bit unsure, another useful way of uncovering core beliefs is to use the “Downward Arrow” technique. This techni"
Social Anxiety,santum_ai_cbt_social_anxiety_vector_index_v1_EMBED_READY.json,cbt_social_anxiety_m08_cbt_exercise_011,cbt_social_anxiety,core_beliefs,cbt_exercise,low,deny,allow,allow,upgrade_prompt,explicit_cbt_exercise,IDENTIFYING CORE BELIEFS: AN EXAMPLE MY EXAMPLE Situation (from your Thought Challenging Record) Situation (from your Thought Challenging Record) Talking to my friend Michelle Init
Social Anxiety,santum_ai_cbt_social_anxiety_vector_index_v1_EMBED_READY.json,cbt_social_anxiety_m08_cbt_exercise_012,cbt_social_anxiety,attention_training,cbt_exercise,low,deny,allow,allow,upgrade_prompt,explicit_cbt_exercise,"Challenging Core Beliefs Now that you have identified one or more core beliefs, you are ready to challenge them. Even though these beliefs are strongly held, they can be challenged"
Social Anxiety,santum_ai_cbt_social_anxiety_vector_index_v1_EMBED_READY.json,cbt_social_anxiety_m08_cbt_exercise_013,cbt_social_anxiety,core_beliefs,cbt_exercise,low,deny,allow,allow,upgrade_prompt,explicit_cbt_exercise,"A good example of the power of core beliefs is the difficulty many people have with accepting compliments, and the discomfort this creates. This is because this information (the co"
Social Anxiety,santum_ai_cbt_social_anxiety_vector_index_v1_EMBED_READY.json,cbt_social_anxiety_m08_cbt_exercise_014,cbt_social_anxiety,core_beliefs,cbt_exercise,low,deny,allow,allow,upgrade_prompt,explicit_cbt_exercise,"Core belief to be challenged: e.g., “I’m unlikeable”, “I’m incompetent” Strength of belief (0 = completely untrue – 10 = completely true) Before challenging: After challenging (lea"
Social Anxiety,santum_ai_cbt_social_anxiety_vector_index_v1_EMBED_READY.json,cbt_social_anxiety_m08_cbt_exercise_016,cbt_social_anxiety,core_beliefs,cbt_exercise,low,deny,allow,allow,upgrade_prompt,explicit_cbt_exercise,"When I was 12, I was invited to present a speech at the graduation assembly. Try to be as specific as possible when describing the evidence. For example, instead of “I have some fr"
Social Anxiety,santum_ai_cbt_social_anxiety_vector_index_v1_EMBED_READY.json,cbt_social_anxiety_m08_cbt_exercise_017,cbt_social_anxiety,core_beliefs,cbt_exercise,low,deny,allow,allow,upgrade_prompt,explicit_cbt_exercise,Don’t worry if the things you write down seem trivial or if you are unsure if they “count”. When you have 20 or so items on your list you can look at them all and draw an overall c
Social Anxiety,santum_ai_cbt_social_anxiety_vector_index_v1_EMBED_READY.json,cbt_social_anxiety_m08_cbt_exercise_018,cbt_social_anxiety,core_beliefs,cbt_exercise,low,deny,allow,allow,upgrade_prompt,explicit_cbt_exercise,"For Andrew, his new, balanced core belief might be: “Although there are things I don’t know or haven’t done, I do have knowledge and experiences that people find valuable or intere"
Social Anxiety,santum_ai_cbt_social_anxiety_vector_index_v1_EMBED_READY.json,cbt_social_anxiety_m08_cbt_exercise_019,cbt_social_anxiety,core_beliefs,cbt_exercise,low,deny,allow,allow,upgrade_prompt,explicit_cbt_exercise,Stepping Out of Social Anxiety Recording Evidence that a Core Belief is Not 100% True Core belief to be challenged: Strength of belief (0 = completely untrue – 10 = completely true
Social Anxiety,santum_ai_cbt_social_anxiety_vector_index_v1_EMBED_READY.json,cbt_social_anxiety_m08_cbt_exercise_022,cbt_social_anxiety,core_beliefs,cbt_exercise,low,deny,allow,allow,upgrade_prompt,explicit_cbt_exercise,"Alternatively, you can get to the core of what you believe by asking yourself “What does that mean?” after an unhelpful thought or a ‘hot’ thought (the ‘Downward Arrow’ technique)."
Social Anxiety,santum_ai_cbt_social_anxiety_vector_index_v1_EMBED_READY.json,cbt_social_anxiety_m08_cbt_exercise_023,cbt_social_anxiety,negative_self_imagery,cbt_exercise,low,deny,allow,allow,upgrade_prompt,explicit_cbt_exercise,Stepping Out of Social Anxiety About the Modules CONTRIBUTORS Samantha Bank (MPsych1) Melissa Burgess (MPsych1) Clinical Psychologist Clinical Psychologist Dr Adelln Sng (MPsych1; 
Social Anxiety,santum_ai_cbt_social_anxiety_vector_index_v1_EMBED_READY.json,cbt_social_anxiety_m09_cbt_exercise_003,cbt_social_anxiety,avoidance,cbt_exercise,low,deny,allow,allow,upgrade_prompt,explicit_cbt_exercise,"In this Module, we will look at setting goals and taking action in various areas of our daily lives to follow through with our new core beliefs. Strengthening New Beliefs through A"
Social Anxiety,santum_ai_cbt_social_anxiety_vector_index_v1_EMBED_READY.json,cbt_social_anxiety_m09_cbt_exercise_004,cbt_social_anxiety,core_beliefs,cbt_exercise,low,deny,allow,allow,upgrade_prompt,explicit_cbt_exercise,"Ask yourself, “If I really believed my balanced belief, what are the things I would do?” Then, go out and do them. You may not believe the balanced beliefs straightaway, and will m"
Social Anxiety,santum_ai_cbt_social_anxiety_vector_index_v1_EMBED_READY.json,cbt_social_anxiety_m09_cbt_exercise_005,cbt_social_anxiety,negative_thinking,cbt_exercise,low,deny,allow,allow,upgrade_prompt,explicit_cbt_exercise,"Ask some questions about available roles. • Timeframe: Complete the volunteer application form this weekend, and submit it at the information session on Tuesday. As plans do not al"
Social Anxiety,santum_ai_cbt_social_anxiety_vector_index_v1_EMBED_READY.json,cbt_social_anxiety_m09_cbt_exercise_007,cbt_social_anxiety,avoidance,cbt_exercise,low,deny,allow,allow,upgrade_prompt,explicit_cbt_exercise,"Creating new opportunities for more experiences that will support your new core belief may involve: • Approaching rather than avoiding situations that may, or that used to, provoke"
Social Anxiety,santum_ai_cbt_social_anxiety_vector_index_v1_EMBED_READY.json,cbt_social_anxiety_m09_cbt_exercise_008,cbt_social_anxiety,core_beliefs,cbt_exercise,low,deny,allow,allow,upgrade_prompt,explicit_cbt_exercise,Also remember to set a realistic timeframe for when you would like to implement these goals and actions. MY EXAMPLE: New Core Beliefs Life Target for Specific Strategies to Timefra
Social Anxiety,santum_ai_cbt_social_anxiety_vector_index_v1_EMBED_READY.json,cbt_social_anxiety_m09_cbt_exercise_010,cbt_social_anxiety,core_beliefs,cbt_exercise,low,deny,allow,allow,upgrade_prompt,explicit_cbt_exercise,"You can treat each task or action as a behavioural experiment - are the results consistent with your new, more balanced core beliefs? Remember that strengthening new core beliefs t"
Social Anxiety,santum_ai_cbt_social_anxiety_vector_index_v1_EMBED_READY.json,cbt_social_anxiety_m10_cbt_exercise_002,cbt_social_anxiety,negative_self_imagery,cbt_exercise,low,deny,allow,allow,upgrade_prompt,explicit_cbt_exercise,"In this final module, you will find a summary of all of the important strategies introduced to you in the previous modules. We will also discuss how to manage future setbacks which"
Social Anxiety,santum_ai_cbt_social_anxiety_vector_index_v1_EMBED_READY.json,cbt_social_anxiety_m10_cbt_exercise_003,cbt_social_anxiety,avoidance,cbt_exercise,low,deny,allow,allow,upgrade_prompt,explicit_cbt_exercise,Behavioural experiments Avoiding situations that trigger our anxiety stops us from directly testing our negative thoughts and therefore keeps our social anxiety going. Modules 3 an
Social Anxiety,santum_ai_cbt_social_anxiety_vector_index_v1_EMBED_READY.json,cbt_social_anxiety_m10_cbt_exercise_005,cbt_social_anxiety,attention_training,cbt_exercise,low,deny,allow,allow,upgrade_prompt,explicit_cbt_exercise,"Second, we are likely to miss positive aspects of the situation that would challenge our fears (e.g., positive feedback from others). Third, it is going to be much more difficult t"
Social Anxiety,santum_ai_cbt_social_anxiety_vector_index_v1_EMBED_READY.json,cbt_social_anxiety_m10_cbt_exercise_006,cbt_social_anxiety,core_beliefs,cbt_exercise,low,deny,allow,allow,upgrade_prompt,explicit_cbt_exercise,"You may learn that even when you are highly anxious your symptoms are not as obvious as you think, and that you don’t need to be too concerned about other people noticing your anxi"
Social Anxiety,santum_ai_cbt_social_anxiety_vector_index_v1_EMBED_READY.json,cbt_social_anxiety_m10_cbt_exercise_009,cbt_social_anxiety,avoidance,cbt_exercise,low,deny,allow,allow,upgrade_prompt,explicit_cbt_exercise,What do you need to do when a social anxiety setback occurs? Which strategies from your Summary of Skills will be important for you to put in place? Remember that avoiding social s
Social Anxiety,santum_ai_cbt_social_anxiety_vector_index_v1_EMBED_READY.json,cbt_social_anxiety_m10_cbt_exercise_010,cbt_social_anxiety,avoidance,cbt_exercise,low,deny,allow,allow,upgrade_prompt,explicit_cbt_exercise,"In what types of circumstances do I tend to have a setback?) My Warning Signs (How do I know when I have had a setback in my social anxiety? Are there any emotional, thinking, beha"
Social Anxiety,santum_ai_cbt_social_anxiety_vector_index_v1_EMBED_READY.json,cbt_social_anxiety_m10_cbt_exercise_011,cbt_social_anxiety,behavioural_experiments,cbt_exercise,low,deny,allow,allow,upgrade_prompt,explicit_cbt_exercise,"It may be helpful to revise the modules from time to time, especially if you are going through a difficult period. It may also be helpful to take this opportunity to consider wheth"
Social Anxiety,santum_ai_cbt_social_anxiety_vector_index_v1_EMBED_READY.json,cbt_social_anxiety_worksheet_001,cbt_social_anxiety,social_anxiety_thought_record,worksheet_instruction,low,deny,allow,allow,upgrade_prompt,explicit_worksheet_instruction,"A social anxiety thought record helps separate the event from the prediction. Record the situation, the automatic thought, the emotion, and the feared social outcome. Then identify"
Social Anxiety,santum_ai_cbt_social_anxiety_vector_index_v1_EMBED_READY.json,cbt_social_anxiety_worksheet_002,cbt_social_anxiety,exposure_stepladder,worksheet_instruction,low,deny,allow,allow,upgrade_prompt,explicit_worksheet_instruction,"An exposure stepladder lists social situations from easiest to hardest so practice can be gradual. The user records each situation, expected anxiety from 0 to 100, the feared predi"
Social Anxiety,santum_ai_cbt_social_anxiety_vector_index_v1_EMBED_READY.json,cbt_social_anxiety_worksheet_003,cbt_social_anxiety,safety_behaviour_log,worksheet_instruction,low,deny,allow,allow,upgrade_prompt,explicit_worksheet_instruction,"A safety behaviour log tracks actions used to prevent embarrassment or rejection, such as rehearsing every sentence, avoiding eye contact, hiding physical symptoms, speaking very l"
Social Anxiety,santum_ai_cbt_social_anxiety_vector_index_v1_EMBED_READY.json,cbt_social_anxiety_worksheet_004,cbt_social_anxiety,attention_training_log,worksheet_instruction,low,deny,allow,allow,upgrade_prompt,explicit_worksheet_instruction,"An attention training log helps shift focus from internal monitoring to the external situation. Before a social task, record where attention usually goes, such as voice, blushing, "
Social Anxiety,santum_ai_cbt_social_anxiety_vector_index_v1_EMBED_READY.json,cbt_social_anxiety_worksheet_005,cbt_social_anxiety,core_belief_evidence_log,worksheet_instruction,low,deny,allow,allow,upgrade_prompt,explicit_worksheet_instruction,"A core belief evidence log helps weaken painful beliefs such as 'I am boring,' 'I am unlikeable,' or 'I always look foolish.' Write the belief, how strongly it feels true, and the "
